,Unnamed: 0.17,Unnamed: 0.16,Unnamed: 0.15,Unnamed: 0.14,Unnamed: 0.13,Unnamed: 0.12,Unnamed: 0.11,Unnamed: 0.10,Unnamed: 0.9,Unnamed: 0.8,Unnamed: 0.7,Unnamed: 0.6,Unnamed: 0.5,Unnamed: 0.4,Unnamed: 0.3,Unnamed: 0.2,Unnamed: 0.1,Unnamed: 0,Epochs,Validation Accuracy,Validation Off-By-One Accuracy,Setting
0,0.0,0.0,0.0,0.0,0.0,0.0,0.0,0.0,0.0,0.0,0.0,0.0,0.0,0.0,0.0,0.0,0.0,,1.0,0.1666666716337204,0.4333333373069763,Xception
1,1.0,1.0,1.0,1.0,1.0,1.0,1.0,1.0,1.0,1.0,1.0,1.0,1.0,1.0,1.0,1.0,1.0,,2.0,0.3000000119209289,0.6333333253860474,Xception
2,2.0,2.0,2.0,2.0,2.0,2.0,2.0,2.0,2.0,2.0,2.0,2.0,2.0,2.0,2.0,2.0,2.0,,3.0,0.3666666746139526,0.75,Xception
3,3.0,3.0,3.0,3.0,3.0,3.0,3.0,3.0,3.0,3.0,3.0,3.0,3.0,3.0,3.0,3.0,3.0,,4.0,0.2000000029802322,0.5333333611488342,Xception
4,4.0,4.0,4.0,4.0,4.0,4.0,4.0,4.0,4.0,4.0,4.0,4.0,4.0,4.0,4.0,4.0,4.0,,5.0,0.5,0.7333333492279053,Xception
5,5.0,5.0,5.0,5.0,5.0,5.0,5.0,5.0,5.0,5.0,5.0,5.0,5.0,5.0,5.0,5.0,5.0,,6.0,0.3000000119209289,0.699999988079071,Xception
6,6.0,6.0,6.0,6.0,6.0,6.0,6.0,6.0,6.0,6.0,6.0,6.0,6.0,6.0,6.0,6.0,6.0,,7.0,0.3333333432674408,0.75,Xception
7,7.0,7.0,7.0,7.0,7.0,7.0,7.0,7.0,7.0,7.0,7.0,7.0,7.0,7.0,7.0,7.0,7.0,,8.0,0.4666666686534881,0.8666666746139526,Xception
8,8.0,8.0,8.0,8.0,8.0,8.0,8.0,8.0,8.0,8.0,8.0,8.0,8.0,8.0,8.0,8.0,8.0,,9.0,0.3666666746139526,0.6333333253860474,Xception
9,9.0,9.0,9.0,9.0,9.0,9.0,9.0,9.0,9.0,9.0,9.0,9.0,9.0,9.0,9.0,9.0,9.0,,10.0,0.4000000059604645,0.6833333373069763,Xception
10,10.0,10.0,10.0,10.0,10.0,10.0,10.0,10.0,10.0,10.0,10.0,10.0,10.0,10.0,10.0,10.0,10.0,,11.0,0.3333333432674408,0.6666666865348816,Xception
11,11.0,11.0,11.0,11.0,11.0,11.0,11.0,11.0,11.0,11.0,11.0,11.0,11.0,11.0,11.0,11.0,11.0,,12.0,0.4333333373069763,0.8333333134651184,Xception
12,12.0,12.0,12.0,12.0,12.0,12.0,12.0,12.0,12.0,12.0,12.0,12.0,12.0,12.0,12.0,12.0,12.0,,13.0,0.4000000059604645,0.800000011920929,Xception
13,13.0,13.0,13.0,13.0,13.0,13.0,13.0,13.0,13.0,13.0,13.0,13.0,13.0,13.0,13.0,13.0,13.0,,14.0,0.4333333373069763,0.8166666626930237,Xception
14,14.0,14.0,14.0,14.0,14.0,14.0,14.0,14.0,14.0,14.0,14.0,14.0,14.0,14.0,14.0,14.0,14.0,,15.0,0.4333333373069763,0.8166666626930237,Xception
15,15.0,15.0,15.0,15.0,15.0,15.0,15.0,15.0,15.0,15.0,15.0,15.0,15.0,15.0,15.0,15.0,15.0,,16.0,0.4333333373069763,0.8166666626930237,Xception
16,16.0,16.0,16.0,16.0,16.0,16.0,16.0,16.0,16.0,16.0,16.0,16.0,16.0,16.0,16.0,16.0,16.0,,17.0,0.4000000059604645,0.800000011920929,Xception
17,17.0,17.0,17.0,17.0,17.0,17.0,17.0,17.0,17.0,17.0,17.0,17.0,17.0,17.0,17.0,17.0,17.0,,18.0,0.4000000059604645,0.800000011920929,Xception
18,18.0,18.0,18.0,18.0,18.0,18.0,18.0,18.0,18.0,18.0,18.0,18.0,18.0,18.0,18.0,18.0,18.0,,19.0,0.4333333373069763,0.8166666626930237,Xception
19,19.0,19.0,19.0,19.0,19.0,19.0,19.0,19.0,19.0,19.0,19.0,19.0,19.0,19.0,19.0,19.0,19.0,,20.0,0.4333333373069763,0.8166666626930237,Xception
20,20.0,20.0,20.0,20.0,20.0,20.0,20.0,20.0,20.0,20.0,20.0,20.0,20.0,20.0,20.0,20.0,20.0,,21.0,0.4333333373069763,0.800000011920929,Xception
21,21.0,21.0,21.0,21.0,21.0,21.0,21.0,21.0,21.0,21.0,21.0,21.0,21.0,21.0,21.0,21.0,21.0,,22.0,0.4666666686534881,0.8166666626930237,Xception
22,22.0,22.0,22.0,22.0,22.0,22.0,22.0,22.0,22.0,22.0,22.0,22.0,22.0,22.0,22.0,22.0,22.0,,23.0,0.4666666686534881,0.8166666626930237,Xception
23,23.0,23.0,23.0,23.0,23.0,23.0,23.0,23.0,23.0,23.0,23.0,23.0,23.0,23.0,23.0,23.0,23.0,,24.0,0.4666666686534881,0.8166666626930237,Xception
24,24.0,24.0,24.0,24.0,24.0,24.0,24.0,24.0,24.0,24.0,24.0,24.0,24.0,24.0,24.0,24.0,24.0,,25.0,0.4333333373069763,0.800000011920929,Xception
25,25.0,25.0,25.0,25.0,25.0,25.0,25.0,25.0,25.0,25.0,25.0,25.0,25.0,25.0,25.0,25.0,25.0,,26.0,0.4333333373069763,0.800000011920929,Xception
26,26.0,26.0,26.0,26.0,26.0,26.0,26.0,26.0,26.0,26.0,26.0,26.0,26.0,26.0,26.0,26.0,26.0,,27.0,0.4333333373069763,0.800000011920929,Xception
27,27.0,27.0,27.0,27.0,27.0,27.0,27.0,27.0,27.0,27.0,27.0,27.0,27.0,27.0,27.0,27.0,27.0,,28.0,0.4666666686534881,0.8166666626930237,Xception
28,28.0,28.0,28.0,28.0,28.0,28.0,28.0,28.0,28.0,28.0,28.0,28.0,28.0,28.0,28.0,28.0,28.0,,29.0,0.4333333373069763,0.800000011920929,Xception
29,29.0,29.0,29.0,29.0,29.0,29.0,29.0,29.0,29.0,29.0,29.0,29.0,29.0,29.0,29.0,29.0,29.0,,30.0,0.4333333373069763,0.800000011920929,Xception
30,30.0,30.0,30.0,30.0,30.0,30.0,30.0,30.0,30.0,30.0,30.0,30.0,30.0,30.0,30.0,30.0,,,1.0,0.4666666686534881,0.7833333611488342,Xception
31,31.0,31.0,31.0,31.0,31.0,31.0,31.0,31.0,31.0,31.0,31.0,31.0,31.0,31.0,31.0,31.0,,,2.0,0.4666666686534881,0.8500000238418579,Xception
32,32.0,32.0,32.0,32.0,32.0,32.0,32.0,32.0,32.0,32.0,32.0,32.0,32.0,32.0,32.0,32.0,,,3.0,0.4333333373069763,0.8500000238418579,Xception
33,33.0,33.0,33.0,33.0,33.0,33.0,33.0,33.0,33.0,33.0,33.0,33.0,33.0,33.0,33.0,33.0,,,4.0,0.3666666746139526,0.7333333492279053,Xception
34,34.0,34.0,34.0,34.0,34.0,34.0,34.0,34.0,34.0,34.0,34.0,34.0,34.0,34.0,34.0,34.0,,,5.0,0.3666666746139526,0.75,Xception
35,35.0,35.0,35.0,35.0,35.0,35.0,35.0,35.0,35.0,35.0,35.0,35.0,35.0,35.0,35.0,35.0,,,6.0,0.2666666805744171,0.6333333253860474,Xception
36,36.0,36.0,36.0,36.0,36.0,36.0,36.0,36.0,36.0,36.0,36.0,36.0,36.0,36.0,36.0,36.0,,,7.0,0.4333333373069763,0.949999988079071,Xception
37,37.0,37.0,37.0,37.0,37.0,37.0,37.0,37.0,37.0,37.0,37.0,37.0,37.0,37.0,37.0,37.0,,,8.0,0.4000000059604645,0.8333333134651184,Xception
38,38.0,38.0,38.0,38.0,38.0,38.0,38.0,38.0,38.0,38.0,38.0,38.0,38.0,38.0,38.0,38.0,,,9.0,0.5,0.9333333373069764,Xception
39,39.0,39.0,39.0,39.0,39.0,39.0,39.0,39.0,39.0,39.0,39.0,39.0,39.0,39.0,39.0,39.0,,,10.0,0.3666666746139526,0.7833333611488342,Xception
40,40.0,40.0,40.0,40.0,40.0,40.0,40.0,40.0,40.0,40.0,40.0,40.0,40.0,40.0,40.0,40.0,,,11.0,0.4333333373069763,0.7666666507720947,Xception
41,41.0,41.0,41.0,41.0,41.0,41.0,41.0,41.0,41.0,41.0,41.0,41.0,41.0,41.0,41.0,41.0,,,12.0,0.3666666746139526,0.699999988079071,Xception
42,42.0,42.0,42.0,42.0,42.0,42.0,42.0,42.0,42.0,42.0,42.0,42.0,42.0,42.0,42.0,42.0,,,13.0,0.3666666746139526,0.8666666746139526,Xception
43,43.0,43.0,43.0,43.0,43.0,43.0,43.0,43.0,43.0,43.0,43.0,43.0,43.0,43.0,43.0,43.0,,,14.0,0.4000000059604645,0.8166666626930237,Xception
44,44.0,44.0,44.0,44.0,44.0,44.0,44.0,44.0,44.0,44.0,44.0,44.0,44.0,44.0,44.0,44.0,,,15.0,0.4000000059604645,0.8166666626930237,Xception
45,45.0,45.0,45.0,45.0,45.0,45.0,45.0,45.0,45.0,45.0,45.0,45.0,45.0,45.0,45.0,45.0,,,16.0,0.4000000059604645,0.8999999761581421,Xception
46,46.0,46.0,46.0,46.0,46.0,46.0,46.0,46.0,46.0,46.0,46.0,46.0,46.0,46.0,46.0,46.0,,,17.0,0.4666666686534881,0.9333333373069764,Xception
47,47.0,47.0,47.0,47.0,47.0,47.0,47.0,47.0,47.0,47.0,47.0,47.0,47.0,47.0,47.0,47.0,,,18.0,0.4666666686534881,0.9333333373069764,Xception
48,48.0,48.0,48.0,48.0,48.0,48.0,48.0,48.0,48.0,48.0,48.0,48.0,48.0,48.0,48.0,48.0,,,19.0,0.4666666686534881,0.9333333373069764,Xception
49,49.0,49.0,49.0,49.0,49.0,49.0,49.0,49.0,49.0,49.0,49.0,49.0,49.0,49.0,49.0,49.0,,,20.0,0.4333333373069763,0.8999999761581421,Xception
50,50.0,50.0,50.0,50.0,50.0,50.0,50.0,50.0,50.0,50.0,50.0,50.0,50.0,50.0,50.0,50.0,,,21.0,0.4333333373069763,0.8999999761581421,Xception
51,51.0,51.0,51.0,51.0,51.0,51.0,51.0,51.0,51.0,51.0,51.0,51.0,51.0,51.0,51.0,51.0,,,22.0,0.4333333373069763,0.8999999761581421,Xception
52,52.0,52.0,52.0,52.0,52.0,52.0,52.0,52.0,52.0,52.0,52.0,52.0,52.0,52.0,52.0,52.0,,,23.0,0.4333333373069763,0.8999999761581421,Xception
53,53.0,53.0,53.0,53.0,53.0,53.0,53.0,53.0,53.0,53.0,53.0,53.0,53.0,53.0,53.0,53.0,,,24.0,0.4333333373069763,0.8999999761581421,Xception
54,54.0,54.0,54.0,54.0,54.0,54.0,54.0,54.0,54.0,54.0,54.0,54.0,54.0,54.0,54.0,54.0,,,25.0,0.4333333373069763,0.8999999761581421,Xception
55,55.0,55.0,55.0,55.0,55.0,55.0,55.0,55.0,55.0,55.0,55.0,55.0,55.0,55.0,55.0,55.0,,,26.0,0.4333333373069763,0.8999999761581421,Xception
56,56.0,56.0,56.0,56.0,56.0,56.0,56.0,56.0,56.0,56.0,56.0,56.0,56.0,56.0,56.0,56.0,,,27.0,0.4333333373069763,0.8999999761581421,Xception
57,57.0,57.0,57.0,57.0,57.0,57.0,57.0,57.0,57.0,57.0,57.0,57.0,57.0,57.0,57.0,57.0,,,28.0,0.4333333373069763,0.8999999761581421,Xception
58,58.0,58.0,58.0,58.0,58.0,58.0,58.0,58.0,58.0,58.0,58.0,58.0,58.0,58.0,58.0,58.0,,,29.0,0.4333333373069763,0.8999999761581421,Xception
59,59.0,59.0,59.0,59.0,59.0,59.0,59.0,59.0,59.0,59.0,59.0,59.0,59.0,59.0,59.0,59.0,,,30.0,0.4333333373069763,0.8999999761581421,Xception
60,60.0,60.0,60.0,60.0,60.0,60.0,60.0,60.0,60.0,60.0,60.0,60.0,60.0,60.0,60.0,,,,1.0,0.4333333373069763,0.7833333611488342,Xception
61,61.0,61.0,61.0,61.0,61.0,61.0,61.0,61.0,61.0,61.0,61.0,61.0,61.0,61.0,61.0,,,,2.0,0.5333333611488342,0.8333333134651184,Xception
62,62.0,62.0,62.0,62.0,62.0,62.0,62.0,62.0,62.0,62.0,62.0,62.0,62.0,62.0,62.0,,,,3.0,0.4000000059604645,0.7666666507720947,Xception
63,63.0,63.0,63.0,63.0,63.0,63.0,63.0,63.0,63.0,63.0,63.0,63.0,63.0,63.0,63.0,,,,4.0,0.3666666746139526,0.7333333492279053,Xception
64,64.0,64.0,64.0,64.0,64.0,64.0,64.0,64.0,64.0,64.0,64.0,64.0,64.0,64.0,64.0,,,,5.0,0.3666666746139526,0.6333333253860474,Xception
65,65.0,65.0,65.0,65.0,65.0,65.0,65.0,65.0,65.0,65.0,65.0,65.0,65.0,65.0,65.0,,,,6.0,0.5666666626930237,0.9666666388511658,Xception
66,66.0,66.0,66.0,66.0,66.0,66.0,66.0,66.0,66.0,66.0,66.0,66.0,66.0,66.0,66.0,,,,7.0,0.4333333373069763,0.800000011920929,Xception
67,67.0,67.0,67.0,67.0,67.0,67.0,67.0,67.0,67.0,67.0,67.0,67.0,67.0,67.0,67.0,,,,8.0,0.5,0.8833333253860474,Xception
68,68.0,68.0,68.0,68.0,68.0,68.0,68.0,68.0,68.0,68.0,68.0,68.0,68.0,68.0,68.0,,,,9.0,0.4000000059604645,0.7833333611488342,Xception
69,69.0,69.0,69.0,69.0,69.0,69.0,69.0,69.0,69.0,69.0,69.0,69.0,69.0,69.0,69.0,,,,10.0,0.2000000029802322,0.5333333611488342,Xception
70,70.0,70.0,70.0,70.0,70.0,70.0,70.0,70.0,70.0,70.0,70.0,70.0,70.0,70.0,70.0,,,,11.0,0.6000000238418579,0.8999999761581421,Xception
71,71.0,71.0,71.0,71.0,71.0,71.0,71.0,71.0,71.0,71.0,71.0,71.0,71.0,71.0,71.0,,,,12.0,0.4666666686534881,0.8333333134651184,Xception
72,72.0,72.0,72.0,72.0,72.0,72.0,72.0,72.0,72.0,72.0,72.0,72.0,72.0,72.0,72.0,,,,13.0,0.4666666686534881,0.9333333373069764,Xception
73,73.0,73.0,73.0,73.0,73.0,73.0,73.0,73.0,73.0,73.0,73.0,73.0,73.0,73.0,73.0,,,,14.0,0.4666666686534881,0.9333333373069764,Xception
74,74.0,74.0,74.0,74.0,74.0,74.0,74.0,74.0,74.0,74.0,74.0,74.0,74.0,74.0,74.0,,,,15.0,0.4666666686534881,0.9333333373069764,Xception
75,75.0,75.0,75.0,75.0,75.0,75.0,75.0,75.0,75.0,75.0,75.0,75.0,75.0,75.0,75.0,,,,16.0,0.5,0.9333333373069764,Xception
76,76.0,76.0,76.0,76.0,76.0,76.0,76.0,76.0,76.0,76.0,76.0,76.0,76.0,76.0,76.0,,,,17.0,0.5,0.9333333373069764,Xception
77,77.0,77.0,77.0,77.0,77.0,77.0,77.0,77.0,77.0,77.0,77.0,77.0,77.0,77.0,77.0,,,,18.0,0.5,0.9333333373069764,Xception
78,78.0,78.0,78.0,78.0,78.0,78.0,78.0,78.0,78.0,78.0,78.0,78.0,78.0,78.0,78.0,,,,19.0,0.5,0.9333333373069764,Xception
79,79.0,79.0,79.0,79.0,79.0,79.0,79.0,79.0,79.0,79.0,79.0,79.0,79.0,79.0,79.0,,,,20.0,0.5,0.9333333373069764,Xception
80,80.0,80.0,80.0,80.0,80.0,80.0,80.0,80.0,80.0,80.0,80.0,80.0,80.0,80.0,80.0,,,,21.0,0.5,0.9333333373069764,Xception
81,81.0,81.0,81.0,81.0,81.0,81.0,81.0,81.0,81.0,81.0,81.0,81.0,81.0,81.0,81.0,,,,22.0,0.5,0.9333333373069764,Xception
82,82.0,82.0,82.0,82.0,82.0,82.0,82.0,82.0,82.0,82.0,82.0,82.0,82.0,82.0,82.0,,,,23.0,0.5,0.9333333373069764,Xception
83,83.0,83.0,83.0,83.0,83.0,83.0,83.0,83.0,83.0,83.0,83.0,83.0,83.0,83.0,83.0,,,,24.0,0.5,0.9333333373069764,Xception
84,84.0,84.0,84.0,84.0,84.0,84.0,84.0,84.0,84.0,84.0,84.0,84.0,84.0,84.0,84.0,,,,25.0,0.5,0.9333333373069764,Xception
85,85.0,85.0,85.0,85.0,85.0,85.0,85.0,85.0,85.0,85.0,85.0,85.0,85.0,85.0,85.0,,,,26.0,0.5,0.9333333373069764,Xception
86,86.0,86.0,86.0,86.0,86.0,86.0,86.0,86.0,86.0,86.0,86.0,86.0,86.0,86.0,86.0,,,,27.0,0.5,0.9333333373069764,Xception
87,87.0,87.0,87.0,87.0,87.0,87.0,87.0,87.0,87.0,87.0,87.0,87.0,87.0,87.0,87.0,,,,28.0,0.5,0.9333333373069764,Xception
88,88.0,88.0,88.0,88.0,88.0,88.0,88.0,88.0,88.0,88.0,88.0,88.0,88.0,88.0,88.0,,,,29.0,0.5,0.9333333373069764,Xception
89,89.0,89.0,89.0,89.0,89.0,89.0,89.0,89.0,89.0,89.0,89.0,89.0,89.0,89.0,89.0,,,,30.0,0.5,0.9333333373069764,Xception
90,90.0,90.0,90.0,90.0,90.0,90.0,90.0,90.0,90.0,90.0,90.0,90.0,90.0,90.0,,,,,1.0,0.4333333373069763,0.8166666626930237,Xception
91,91.0,91.0,91.0,91.0,91.0,91.0,91.0,91.0,91.0,91.0,91.0,91.0,91.0,91.0,,,,,2.0,0.4333333373069763,0.7666666507720947,Xception
92,92.0,92.0,92.0,92.0,92.0,92.0,92.0,92.0,92.0,92.0,92.0,92.0,92.0,92.0,,,,,3.0,0.5,0.8166666626930237,Xception
93,93.0,93.0,93.0,93.0,93.0,93.0,93.0,93.0,93.0,93.0,93.0,93.0,93.0,93.0,,,,,4.0,0.3333333432674408,0.7833333611488342,Xception
94,94.0,94.0,94.0,94.0,94.0,94.0,94.0,94.0,94.0,94.0,94.0,94.0,94.0,94.0,,,,,5.0,0.4000000059604645,0.8500000238418579,Xception
95,95.0,95.0,95.0,95.0,95.0,95.0,95.0,95.0,95.0,95.0,95.0,95.0,95.0,95.0,,,,,6.0,0.4333333373069763,0.8333333134651184,Xception
96,96.0,96.0,96.0,96.0,96.0,96.0,96.0,96.0,96.0,96.0,96.0,96.0,96.0,96.0,,,,,7.0,0.4333333373069763,0.8500000238418579,Xception
97,97.0,97.0,97.0,97.0,97.0,97.0,97.0,97.0,97.0,97.0,97.0,97.0,97.0,97.0,,,,,8.0,0.2666666805744171,0.5833333134651184,Xception
98,98.0,98.0,98.0,98.0,98.0,98.0,98.0,98.0,98.0,98.0,98.0,98.0,98.0,98.0,,,,,9.0,0.3333333432674408,0.7666666507720947,Xception
99,99.0,99.0,99.0,99.0,99.0,99.0,99.0,99.0,99.0,99.0,99.0,99.0,99.0,99.0,,,,,10.0,0.3666666746139526,0.7833333611488342,Xception
100,100.0,100.0,100.0,100.0,100.0,100.0,100.0,100.0,100.0,100.0,100.0,100.0,100.0,100.0,,,,,11.0,0.4000000059604645,0.7666666507720947,Xception
101,101.0,101.0,101.0,101.0,101.0,101.0,101.0,101.0,101.0,101.0,101.0,101.0,101.0,101.0,,,,,12.0,0.4000000059604645,0.8166666626930237,Xception
102,102.0,102.0,102.0,102.0,102.0,102.0,102.0,102.0,102.0,102.0,102.0,102.0,102.0,102.0,,,,,13.0,0.4000000059604645,0.8166666626930237,Xception
103,103.0,103.0,103.0,103.0,103.0,103.0,103.0,103.0,103.0,103.0,103.0,103.0,103.0,103.0,,,,,14.0,0.4000000059604645,0.8166666626930237,Xception
104,104.0,104.0,104.0,104.0,104.0,104.0,104.0,104.0,104.0,104.0,104.0,104.0,104.0,104.0,,,,,15.0,0.4333333373069763,0.8500000238418579,Xception
105,105.0,105.0,105.0,105.0,105.0,105.0,105.0,105.0,105.0,105.0,105.0,105.0,105.0,105.0,,,,,16.0,0.4333333373069763,0.8500000238418579,Xception
106,106.0,106.0,106.0,106.0,106.0,106.0,106.0,106.0,106.0,106.0,106.0,106.0,106.0,106.0,,,,,17.0,0.4000000059604645,0.8166666626930237,Xception
107,107.0,107.0,107.0,107.0,107.0,107.0,107.0,107.0,107.0,107.0,107.0,107.0,107.0,107.0,,,,,18.0,0.4000000059604645,0.8166666626930237,Xception
108,108.0,108.0,108.0,108.0,108.0,108.0,108.0,108.0,108.0,108.0,108.0,108.0,108.0,108.0,,,,,19.0,0.4000000059604645,0.8166666626930237,Xception
109,109.0,109.0,109.0,109.0,109.0,109.0,109.0,109.0,109.0,109.0,109.0,109.0,109.0,109.0,,,,,20.0,0.4000000059604645,0.8166666626930237,Xception
110,110.0,110.0,110.0,110.0,110.0,110.0,110.0,110.0,110.0,110.0,110.0,110.0,110.0,110.0,,,,,21.0,0.4000000059604645,0.8166666626930237,Xception
111,111.0,111.0,111.0,111.0,111.0,111.0,111.0,111.0,111.0,111.0,111.0,111.0,111.0,111.0,,,,,22.0,0.4333333373069763,0.8500000238418579,Xception
112,112.0,112.0,112.0,112.0,112.0,112.0,112.0,112.0,112.0,112.0,112.0,112.0,112.0,112.0,,,,,23.0,0.4333333373069763,0.8500000238418579,Xception
113,113.0,113.0,113.0,113.0,113.0,113.0,113.0,113.0,113.0,113.0,113.0,113.0,113.0,113.0,,,,,24.0,0.4333333373069763,0.8500000238418579,Xception
114,114.0,114.0,114.0,114.0,114.0,114.0,114.0,114.0,114.0,114.0,114.0,114.0,114.0,114.0,,,,,25.0,0.4333333373069763,0.8500000238418579,Xception
115,115.0,115.0,115.0,115.0,115.0,115.0,115.0,115.0,115.0,115.0,115.0,115.0,115.0,115.0,,,,,26.0,0.4333333373069763,0.8500000238418579,Xception
116,116.0,116.0,116.0,116.0,116.0,116.0,116.0,116.0,116.0,116.0,116.0,116.0,116.0,116.0,,,,,27.0,0.4333333373069763,0.8500000238418579,Xception
117,117.0,117.0,117.0,117.0,117.0,117.0,117.0,117.0,117.0,117.0,117.0,117.0,117.0,117.0,,,,,28.0,0.4333333373069763,0.8500000238418579,Xception
118,118.0,118.0,118.0,118.0,118.0,118.0,118.0,118.0,118.0,118.0,118.0,118.0,118.0,118.0,,,,,29.0,0.4333333373069763,0.8500000238418579,Xception
119,119.0,119.0,119.0,119.0,119.0,119.0,119.0,119.0,119.0,119.0,119.0,119.0,119.0,119.0,,,,,30.0,0.4333333373069763,0.8500000238418579,Xception
120,120.0,120.0,120.0,120.0,120.0,120.0,120.0,120.0,120.0,120.0,120.0,120.0,120.0,,,,,,1.0,0.3000000119209289,0.6666666865348816,Xception
121,121.0,121.0,121.0,121.0,121.0,121.0,121.0,121.0,121.0,121.0,121.0,121.0,121.0,,,,,,2.0,0.233333334326744,0.6666666865348816,Xception
122,122.0,122.0,122.0,122.0,122.0,122.0,122.0,122.0,122.0,122.0,122.0,122.0,122.0,,,,,,3.0,0.2666666805744171,0.75,Xception
123,123.0,123.0,123.0,123.0,123.0,123.0,123.0,123.0,123.0,123.0,123.0,123.0,123.0,,,,,,4.0,0.1666666716337204,0.6333333253860474,Xception
124,124.0,124.0,124.0,124.0,124.0,124.0,124.0,124.0,124.0,124.0,124.0,124.0,124.0,,,,,,5.0,0.2666666805744171,0.7333333492279053,Xception
125,125.0,125.0,125.0,125.0,125.0,125.0,125.0,125.0,125.0,125.0,125.0,125.0,125.0,,,,,,6.0,0.2666666805744171,0.6666666865348816,Xception
126,126.0,126.0,126.0,126.0,126.0,126.0,126.0,126.0,126.0,126.0,126.0,126.0,126.0,,,,,,7.0,0.3000000119209289,0.6833333373069763,Xception
127,127.0,127.0,127.0,127.0,127.0,127.0,127.0,127.0,127.0,127.0,127.0,127.0,127.0,,,,,,8.0,0.2666666805744171,0.5333333611488342,Xception
128,128.0,128.0,128.0,128.0,128.0,128.0,128.0,128.0,128.0,128.0,128.0,128.0,128.0,,,,,,9.0,0.3333333432674408,0.7166666388511658,Xception
129,129.0,129.0,129.0,129.0,129.0,129.0,129.0,129.0,129.0,129.0,129.0,129.0,129.0,,,,,,10.0,0.2000000029802322,0.6166666746139526,Xception
130,130.0,130.0,130.0,130.0,130.0,130.0,130.0,130.0,130.0,130.0,130.0,130.0,130.0,,,,,,11.0,0.3000000119209289,0.8333333134651184,Xception
131,131.0,131.0,131.0,131.0,131.0,131.0,131.0,131.0,131.0,131.0,131.0,131.0,131.0,,,,,,12.0,0.2666666805744171,0.6833333373069763,Xception
132,132.0,132.0,132.0,132.0,132.0,132.0,132.0,132.0,132.0,132.0,132.0,132.0,132.0,,,,,,13.0,0.3333333432674408,0.75,Xception
133,133.0,133.0,133.0,133.0,133.0,133.0,133.0,133.0,133.0,133.0,133.0,133.0,133.0,,,,,,14.0,0.4000000059604645,0.75,Xception
134,134.0,134.0,134.0,134.0,134.0,134.0,134.0,134.0,134.0,134.0,134.0,134.0,134.0,,,,,,15.0,0.4333333373069763,0.6833333373069763,Xception
135,135.0,135.0,135.0,135.0,135.0,135.0,135.0,135.0,135.0,135.0,135.0,135.0,135.0,,,,,,16.0,0.3333333432674408,0.8500000238418579,Xception
136,136.0,136.0,136.0,136.0,136.0,136.0,136.0,136.0,136.0,136.0,136.0,136.0,136.0,,,,,,17.0,0.3666666746139526,0.7333333492279053,Xception
137,137.0,137.0,137.0,137.0,137.0,137.0,137.0,137.0,137.0,137.0,137.0,137.0,137.0,,,,,,18.0,0.4000000059604645,0.8500000238418579,Xception
138,138.0,138.0,138.0,138.0,138.0,138.0,138.0,138.0,138.0,138.0,138.0,138.0,138.0,,,,,,19.0,0.3000000119209289,0.8333333134651184,Xception
139,139.0,139.0,139.0,139.0,139.0,139.0,139.0,139.0,139.0,139.0,139.0,139.0,139.0,,,,,,20.0,0.2666666805744171,0.800000011920929,Xception
140,140.0,140.0,140.0,140.0,140.0,140.0,140.0,140.0,140.0,140.0,140.0,140.0,140.0,,,,,,21.0,0.3666666746139526,0.8500000238418579,Xception
141,141.0,141.0,141.0,141.0,141.0,141.0,141.0,141.0,141.0,141.0,141.0,141.0,141.0,,,,,,22.0,0.3666666746139526,0.8500000238418579,Xception
142,142.0,142.0,142.0,142.0,142.0,142.0,142.0,142.0,142.0,142.0,142.0,142.0,142.0,,,,,,23.0,0.3000000119209289,0.800000011920929,Xception
143,143.0,143.0,143.0,143.0,143.0,143.0,143.0,143.0,143.0,143.0,143.0,143.0,143.0,,,,,,24.0,0.2666666805744171,0.800000011920929,Xception
144,144.0,144.0,144.0,144.0,144.0,144.0,144.0,144.0,144.0,144.0,144.0,144.0,144.0,,,,,,25.0,0.3000000119209289,0.800000011920929,Xception
145,145.0,145.0,145.0,145.0,145.0,145.0,145.0,145.0,145.0,145.0,145.0,145.0,145.0,,,,,,26.0,0.3000000119209289,0.800000011920929,Xception
146,146.0,146.0,146.0,146.0,146.0,146.0,146.0,146.0,146.0,146.0,146.0,146.0,146.0,,,,,,27.0,0.3000000119209289,0.800000011920929,Xception
147,147.0,147.0,147.0,147.0,147.0,147.0,147.0,147.0,147.0,147.0,147.0,147.0,147.0,,,,,,28.0,0.3666666746139526,0.8333333134651184,Xception
148,148.0,148.0,148.0,148.0,148.0,148.0,148.0,148.0,148.0,148.0,148.0,148.0,148.0,,,,,,29.0,0.3333333432674408,0.8333333134651184,Xception
149,149.0,149.0,149.0,149.0,149.0,149.0,149.0,149.0,149.0,149.0,149.0,149.0,149.0,,,,,,30.0,0.3000000119209289,0.800000011920929,Xception
150,150.0,150.0,150.0,150.0,150.0,150.0,150.0,150.0,150.0,150.0,150.0,150.0,,,,,,,1.0,0.1666666716337204,0.4333333373069763,Xception
151,151.0,151.0,151.0,151.0,151.0,151.0,151.0,151.0,151.0,151.0,151.0,151.0,,,,,,,2.0,0.3000000119209289,0.6333333253860474,Xception
152,152.0,152.0,152.0,152.0,152.0,152.0,152.0,152.0,152.0,152.0,152.0,152.0,,,,,,,3.0,0.3666666746139526,0.75,Xception
153,153.0,153.0,153.0,153.0,153.0,153.0,153.0,153.0,153.0,153.0,153.0,153.0,,,,,,,4.0,0.2000000029802322,0.5333333611488342,Xception
154,154.0,154.0,154.0,154.0,154.0,154.0,154.0,154.0,154.0,154.0,154.0,154.0,,,,,,,5.0,0.5,0.7333333492279053,Xception
155,155.0,155.0,155.0,155.0,155.0,155.0,155.0,155.0,155.0,155.0,155.0,155.0,,,,,,,6.0,0.3000000119209289,0.699999988079071,Xception
156,156.0,156.0,156.0,156.0,156.0,156.0,156.0,156.0,156.0,156.0,156.0,156.0,,,,,,,7.0,0.3333333432674408,0.75,Xception
157,157.0,157.0,157.0,157.0,157.0,157.0,157.0,157.0,157.0,157.0,157.0,157.0,,,,,,,8.0,0.4666666686534881,0.8666666746139526,Xception
158,158.0,158.0,158.0,158.0,158.0,158.0,158.0,158.0,158.0,158.0,158.0,158.0,,,,,,,9.0,0.3666666746139526,0.6333333253860474,Xception
159,159.0,159.0,159.0,159.0,159.0,159.0,159.0,159.0,159.0,159.0,159.0,159.0,,,,,,,10.0,0.4000000059604645,0.6833333373069763,Xception
160,160.0,160.0,160.0,160.0,160.0,160.0,160.0,160.0,160.0,160.0,160.0,160.0,,,,,,,11.0,0.3333333432674408,0.6666666865348816,Xception
161,161.0,161.0,161.0,161.0,161.0,161.0,161.0,161.0,161.0,161.0,161.0,161.0,,,,,,,12.0,0.4333333373069763,0.8333333134651184,Xception
162,162.0,162.0,162.0,162.0,162.0,162.0,162.0,162.0,162.0,162.0,162.0,162.0,,,,,,,13.0,0.4000000059604645,0.800000011920929,Xception
163,163.0,163.0,163.0,163.0,163.0,163.0,163.0,163.0,163.0,163.0,163.0,163.0,,,,,,,14.0,0.4333333373069763,0.8166666626930237,Xception
164,164.0,164.0,164.0,164.0,164.0,164.0,164.0,164.0,164.0,164.0,164.0,164.0,,,,,,,15.0,0.4333333373069763,0.8166666626930237,Xception
165,165.0,165.0,165.0,165.0,165.0,165.0,165.0,165.0,165.0,165.0,165.0,165.0,,,,,,,16.0,0.4333333373069763,0.8166666626930237,Xception
166,166.0,166.0,166.0,166.0,166.0,166.0,166.0,166.0,166.0,166.0,166.0,166.0,,,,,,,17.0,0.4000000059604645,0.800000011920929,Xception
167,167.0,167.0,167.0,167.0,167.0,167.0,167.0,167.0,167.0,167.0,167.0,167.0,,,,,,,18.0,0.4000000059604645,0.800000011920929,Xception
168,168.0,168.0,168.0,168.0,168.0,168.0,168.0,168.0,168.0,168.0,168.0,168.0,,,,,,,19.0,0.4333333373069763,0.8166666626930237,Xception
169,169.0,169.0,169.0,169.0,169.0,169.0,169.0,169.0,169.0,169.0,169.0,169.0,,,,,,,20.0,0.4333333373069763,0.8166666626930237,Xception
170,170.0,170.0,170.0,170.0,170.0,170.0,170.0,170.0,170.0,170.0,170.0,170.0,,,,,,,21.0,0.4333333373069763,0.800000011920929,Xception
171,171.0,171.0,171.0,171.0,171.0,171.0,171.0,171.0,171.0,171.0,171.0,171.0,,,,,,,22.0,0.4666666686534881,0.8166666626930237,Xception
172,172.0,172.0,172.0,172.0,172.0,172.0,172.0,172.0,172.0,172.0,172.0,172.0,,,,,,,23.0,0.4666666686534881,0.8166666626930237,Xception
173,173.0,173.0,173.0,173.0,173.0,173.0,173.0,173.0,173.0,173.0,173.0,173.0,,,,,,,24.0,0.4666666686534881,0.8166666626930237,Xception
174,174.0,174.0,174.0,174.0,174.0,174.0,174.0,174.0,174.0,174.0,174.0,174.0,,,,,,,25.0,0.4333333373069763,0.800000011920929,Xception
175,175.0,175.0,175.0,175.0,175.0,175.0,175.0,175.0,175.0,175.0,175.0,175.0,,,,,,,26.0,0.4333333373069763,0.800000011920929,Xception
176,176.0,176.0,176.0,176.0,176.0,176.0,176.0,176.0,176.0,176.0,176.0,176.0,,,,,,,27.0,0.4333333373069763,0.800000011920929,Xception
177,177.0,177.0,177.0,177.0,177.0,177.0,177.0,177.0,177.0,177.0,177.0,177.0,,,,,,,28.0,0.4666666686534881,0.8166666626930237,Xception
178,178.0,178.0,178.0,178.0,178.0,178.0,178.0,178.0,178.0,178.0,178.0,178.0,,,,,,,29.0,0.4333333373069763,0.800000011920929,Xception
179,179.0,179.0,179.0,179.0,179.0,179.0,179.0,179.0,179.0,179.0,179.0,179.0,,,,,,,30.0,0.4333333373069763,0.800000011920929,Xception
180,180.0,180.0,180.0,180.0,180.0,180.0,180.0,180.0,180.0,180.0,180.0,180.0,,,,,,,1.0,0.4666666686534881,0.7833333611488342,Xception
181,181.0,181.0,181.0,181.0,181.0,181.0,181.0,181.0,181.0,181.0,181.0,181.0,,,,,,,2.0,0.4666666686534881,0.8500000238418579,Xception
182,182.0,182.0,182.0,182.0,182.0,182.0,182.0,182.0,182.0,182.0,182.0,182.0,,,,,,,3.0,0.4333333373069763,0.8500000238418579,Xception
183,183.0,183.0,183.0,183.0,183.0,183.0,183.0,183.0,183.0,183.0,183.0,183.0,,,,,,,4.0,0.3666666746139526,0.7333333492279053,Xception
184,184.0,184.0,184.0,184.0,184.0,184.0,184.0,184.0,184.0,184.0,184.0,184.0,,,,,,,5.0,0.3666666746139526,0.75,Xception
185,185.0,185.0,185.0,185.0,185.0,185.0,185.0,185.0,185.0,185.0,185.0,185.0,,,,,,,6.0,0.2666666805744171,0.6333333253860474,Xception
186,186.0,186.0,186.0,186.0,186.0,186.0,186.0,186.0,186.0,186.0,186.0,186.0,,,,,,,7.0,0.4333333373069763,0.949999988079071,Xception
187,187.0,187.0,187.0,187.0,187.0,187.0,187.0,187.0,187.0,187.0,187.0,187.0,,,,,,,8.0,0.4000000059604645,0.8333333134651184,Xception
188,188.0,188.0,188.0,188.0,188.0,188.0,188.0,188.0,188.0,188.0,188.0,188.0,,,,,,,9.0,0.5,0.9333333373069764,Xception
189,189.0,189.0,189.0,189.0,189.0,189.0,189.0,189.0,189.0,189.0,189.0,189.0,,,,,,,10.0,0.3666666746139526,0.7833333611488342,Xception
190,190.0,190.0,190.0,190.0,190.0,190.0,190.0,190.0,190.0,190.0,190.0,190.0,,,,,,,11.0,0.4333333373069763,0.7666666507720947,Xception
191,191.0,191.0,191.0,191.0,191.0,191.0,191.0,191.0,191.0,191.0,191.0,191.0,,,,,,,12.0,0.3666666746139526,0.699999988079071,Xception
192,192.0,192.0,192.0,192.0,192.0,192.0,192.0,192.0,192.0,192.0,192.0,192.0,,,,,,,13.0,0.3666666746139526,0.8666666746139526,Xception
193,193.0,193.0,193.0,193.0,193.0,193.0,193.0,193.0,193.0,193.0,193.0,193.0,,,,,,,14.0,0.4000000059604645,0.8166666626930237,Xception
194,194.0,194.0,194.0,194.0,194.0,194.0,194.0,194.0,194.0,194.0,194.0,194.0,,,,,,,15.0,0.4000000059604645,0.8166666626930237,Xception
195,195.0,195.0,195.0,195.0,195.0,195.0,195.0,195.0,195.0,195.0,195.0,195.0,,,,,,,16.0,0.4000000059604645,0.8999999761581421,Xception
196,196.0,196.0,196.0,196.0,196.0,196.0,196.0,196.0,196.0,196.0,196.0,196.0,,,,,,,17.0,0.4666666686534881,0.9333333373069764,Xception
197,197.0,197.0,197.0,197.0,197.0,197.0,197.0,197.0,197.0,197.0,197.0,197.0,,,,,,,18.0,0.4666666686534881,0.9333333373069764,Xception
198,198.0,198.0,198.0,198.0,198.0,198.0,198.0,198.0,198.0,198.0,198.0,198.0,,,,,,,19.0,0.4666666686534881,0.9333333373069764,Xception
199,199.0,199.0,199.0,199.0,199.0,199.0,199.0,199.0,199.0,199.0,199.0,199.0,,,,,,,20.0,0.4333333373069763,0.8999999761581421,Xception
200,200.0,200.0,200.0,200.0,200.0,200.0,200.0,200.0,200.0,200.0,200.0,200.0,,,,,,,21.0,0.4333333373069763,0.8999999761581421,Xception
201,201.0,201.0,201.0,201.0,201.0,201.0,201.0,201.0,201.0,201.0,201.0,201.0,,,,,,,22.0,0.4333333373069763,0.8999999761581421,Xception
202,202.0,202.0,202.0,202.0,202.0,202.0,202.0,202.0,202.0,202.0,202.0,202.0,,,,,,,23.0,0.4333333373069763,0.8999999761581421,Xception
203,203.0,203.0,203.0,203.0,203.0,203.0,203.0,203.0,203.0,203.0,203.0,203.0,,,,,,,24.0,0.4333333373069763,0.8999999761581421,Xception
204,204.0,204.0,204.0,204.0,204.0,204.0,204.0,204.0,204.0,204.0,204.0,204.0,,,,,,,25.0,0.4333333373069763,0.8999999761581421,Xception
205,205.0,205.0,205.0,205.0,205.0,205.0,205.0,205.0,205.0,205.0,205.0,205.0,,,,,,,26.0,0.4333333373069763,0.8999999761581421,Xception
206,206.0,206.0,206.0,206.0,206.0,206.0,206.0,206.0,206.0,206.0,206.0,206.0,,,,,,,27.0,0.4333333373069763,0.8999999761581421,Xception
207,207.0,207.0,207.0,207.0,207.0,207.0,207.0,207.0,207.0,207.0,207.0,207.0,,,,,,,28.0,0.4333333373069763,0.8999999761581421,Xception
208,208.0,208.0,208.0,208.0,208.0,208.0,208.0,208.0,208.0,208.0,208.0,208.0,,,,,,,29.0,0.4333333373069763,0.8999999761581421,Xception
209,209.0,209.0,209.0,209.0,209.0,209.0,209.0,209.0,209.0,209.0,209.0,209.0,,,,,,,30.0,0.4333333373069763,0.8999999761581421,Xception
210,210.0,210.0,210.0,210.0,210.0,210.0,210.0,210.0,210.0,210.0,210.0,210.0,,,,,,,1.0,0.4333333373069763,0.7833333611488342,Xception
211,211.0,211.0,211.0,211.0,211.0,211.0,211.0,211.0,211.0,211.0,211.0,211.0,,,,,,,2.0,0.5333333611488342,0.8333333134651184,Xception
212,212.0,212.0,212.0,212.0,212.0,212.0,212.0,212.0,212.0,212.0,212.0,212.0,,,,,,,3.0,0.4000000059604645,0.7666666507720947,Xception
213,213.0,213.0,213.0,213.0,213.0,213.0,213.0,213.0,213.0,213.0,213.0,213.0,,,,,,,4.0,0.3666666746139526,0.7333333492279053,Xception
214,214.0,214.0,214.0,214.0,214.0,214.0,214.0,214.0,214.0,214.0,214.0,214.0,,,,,,,5.0,0.3666666746139526,0.6333333253860474,Xception
215,215.0,215.0,215.0,215.0,215.0,215.0,215.0,215.0,215.0,215.0,215.0,215.0,,,,,,,6.0,0.5666666626930237,0.9666666388511658,Xception
216,216.0,216.0,216.0,216.0,216.0,216.0,216.0,216.0,216.0,216.0,216.0,216.0,,,,,,,7.0,0.4333333373069763,0.800000011920929,Xception
217,217.0,217.0,217.0,217.0,217.0,217.0,217.0,217.0,217.0,217.0,217.0,217.0,,,,,,,8.0,0.5,0.8833333253860474,Xception
218,218.0,218.0,218.0,218.0,218.0,218.0,218.0,218.0,218.0,218.0,218.0,218.0,,,,,,,9.0,0.4000000059604645,0.7833333611488342,Xception
219,219.0,219.0,219.0,219.0,219.0,219.0,219.0,219.0,219.0,219.0,219.0,219.0,,,,,,,10.0,0.2000000029802322,0.5333333611488342,Xception
220,220.0,220.0,220.0,220.0,220.0,220.0,220.0,220.0,220.0,220.0,220.0,220.0,,,,,,,11.0,0.6000000238418579,0.8999999761581421,Xception
221,221.0,221.0,221.0,221.0,221.0,221.0,221.0,221.0,221.0,221.0,221.0,221.0,,,,,,,12.0,0.4666666686534881,0.8333333134651184,Xception
222,222.0,222.0,222.0,222.0,222.0,222.0,222.0,222.0,222.0,222.0,222.0,222.0,,,,,,,13.0,0.4666666686534881,0.9333333373069764,Xception
223,223.0,223.0,223.0,223.0,223.0,223.0,223.0,223.0,223.0,223.0,223.0,223.0,,,,,,,14.0,0.4666666686534881,0.9333333373069764,Xception
224,224.0,224.0,224.0,224.0,224.0,224.0,224.0,224.0,224.0,224.0,224.0,224.0,,,,,,,15.0,0.4666666686534881,0.9333333373069764,Xception
225,225.0,225.0,225.0,225.0,225.0,225.0,225.0,225.0,225.0,225.0,225.0,225.0,,,,,,,16.0,0.5,0.9333333373069764,Xception
226,226.0,226.0,226.0,226.0,226.0,226.0,226.0,226.0,226.0,226.0,226.0,226.0,,,,,,,17.0,0.5,0.9333333373069764,Xception
227,227.0,227.0,227.0,227.0,227.0,227.0,227.0,227.0,227.0,227.0,227.0,227.0,,,,,,,18.0,0.5,0.9333333373069764,Xception
228,228.0,228.0,228.0,228.0,228.0,228.0,228.0,228.0,228.0,228.0,228.0,228.0,,,,,,,19.0,0.5,0.9333333373069764,Xception
229,229.0,229.0,229.0,229.0,229.0,229.0,229.0,229.0,229.0,229.0,229.0,229.0,,,,,,,20.0,0.5,0.9333333373069764,Xception
230,230.0,230.0,230.0,230.0,230.0,230.0,230.0,230.0,230.0,230.0,230.0,230.0,,,,,,,21.0,0.5,0.9333333373069764,Xception
231,231.0,231.0,231.0,231.0,231.0,231.0,231.0,231.0,231.0,231.0,231.0,231.0,,,,,,,22.0,0.5,0.9333333373069764,Xception
232,232.0,232.0,232.0,232.0,232.0,232.0,232.0,232.0,232.0,232.0,232.0,232.0,,,,,,,23.0,0.5,0.9333333373069764,Xception
233,233.0,233.0,233.0,233.0,233.0,233.0,233.0,233.0,233.0,233.0,233.0,233.0,,,,,,,24.0,0.5,0.9333333373069764,Xception
234,234.0,234.0,234.0,234.0,234.0,234.0,234.0,234.0,234.0,234.0,234.0,234.0,,,,,,,25.0,0.5,0.9333333373069764,Xception
235,235.0,235.0,235.0,235.0,235.0,235.0,235.0,235.0,235.0,235.0,235.0,235.0,,,,,,,26.0,0.5,0.9333333373069764,Xception
236,236.0,236.0,236.0,236.0,236.0,236.0,236.0,236.0,236.0,236.0,236.0,236.0,,,,,,,27.0,0.5,0.9333333373069764,Xception
237,237.0,237.0,237.0,237.0,237.0,237.0,237.0,237.0,237.0,237.0,237.0,237.0,,,,,,,28.0,0.5,0.9333333373069764,Xception
238,238.0,238.0,238.0,238.0,238.0,238.0,238.0,238.0,238.0,238.0,238.0,238.0,,,,,,,29.0,0.5,0.9333333373069764,Xception
239,239.0,239.0,239.0,239.0,239.0,239.0,239.0,239.0,239.0,239.0,239.0,239.0,,,,,,,30.0,0.5,0.9333333373069764,Xception
240,240.0,240.0,240.0,240.0,240.0,240.0,240.0,240.0,240.0,240.0,240.0,240.0,,,,,,,1.0,0.4333333373069763,0.8166666626930237,Xception
241,241.0,241.0,241.0,241.0,241.0,241.0,241.0,241.0,241.0,241.0,241.0,241.0,,,,,,,2.0,0.4333333373069763,0.7666666507720947,Xception
242,242.0,242.0,242.0,242.0,242.0,242.0,242.0,242.0,242.0,242.0,242.0,242.0,,,,,,,3.0,0.5,0.8166666626930237,Xception
243,243.0,243.0,243.0,243.0,243.0,243.0,243.0,243.0,243.0,243.0,243.0,243.0,,,,,,,4.0,0.3333333432674408,0.7833333611488342,Xception
244,244.0,244.0,244.0,244.0,244.0,244.0,244.0,244.0,244.0,244.0,244.0,244.0,,,,,,,5.0,0.4000000059604645,0.8500000238418579,Xception
245,245.0,245.0,245.0,245.0,245.0,245.0,245.0,245.0,245.0,245.0,245.0,245.0,,,,,,,6.0,0.4333333373069763,0.8333333134651184,Xception
246,246.0,246.0,246.0,246.0,246.0,246.0,246.0,246.0,246.0,246.0,246.0,246.0,,,,,,,7.0,0.4333333373069763,0.8500000238418579,Xception
247,247.0,247.0,247.0,247.0,247.0,247.0,247.0,247.0,247.0,247.0,247.0,247.0,,,,,,,8.0,0.2666666805744171,0.5833333134651184,Xception
248,248.0,248.0,248.0,248.0,248.0,248.0,248.0,248.0,248.0,248.0,248.0,248.0,,,,,,,9.0,0.3333333432674408,0.7666666507720947,Xception
249,249.0,249.0,249.0,249.0,249.0,249.0,249.0,249.0,249.0,249.0,249.0,249.0,,,,,,,10.0,0.3666666746139526,0.7833333611488342,Xception
250,250.0,250.0,250.0,250.0,250.0,250.0,250.0,250.0,250.0,250.0,250.0,250.0,,,,,,,11.0,0.4000000059604645,0.7666666507720947,Xception
251,251.0,251.0,251.0,251.0,251.0,251.0,251.0,251.0,251.0,251.0,251.0,251.0,,,,,,,12.0,0.4000000059604645,0.8166666626930237,Xception
252,252.0,252.0,252.0,252.0,252.0,252.0,252.0,252.0,252.0,252.0,252.0,252.0,,,,,,,13.0,0.4000000059604645,0.8166666626930237,Xception
253,253.0,253.0,253.0,253.0,253.0,253.0,253.0,253.0,253.0,253.0,253.0,253.0,,,,,,,14.0,0.4000000059604645,0.8166666626930237,Xception
254,254.0,254.0,254.0,254.0,254.0,254.0,254.0,254.0,254.0,254.0,254.0,254.0,,,,,,,15.0,0.4333333373069763,0.8500000238418579,Xception
255,255.0,255.0,255.0,255.0,255.0,255.0,255.0,255.0,255.0,255.0,255.0,255.0,,,,,,,16.0,0.4333333373069763,0.8500000238418579,Xception
256,256.0,256.0,256.0,256.0,256.0,256.0,256.0,256.0,256.0,256.0,256.0,256.0,,,,,,,17.0,0.4000000059604645,0.8166666626930237,Xception
257,257.0,257.0,257.0,257.0,257.0,257.0,257.0,257.0,257.0,257.0,257.0,257.0,,,,,,,18.0,0.4000000059604645,0.8166666626930237,Xception
258,258.0,258.0,258.0,258.0,258.0,258.0,258.0,258.0,258.0,258.0,258.0,258.0,,,,,,,19.0,0.4000000059604645,0.8166666626930237,Xception
259,259.0,259.0,259.0,259.0,259.0,259.0,259.0,259.0,259.0,259.0,259.0,259.0,,,,,,,20.0,0.4000000059604645,0.8166666626930237,Xception
260,260.0,260.0,260.0,260.0,260.0,260.0,260.0,260.0,260.0,260.0,260.0,260.0,,,,,,,21.0,0.4000000059604645,0.8166666626930237,Xception
261,261.0,261.0,261.0,261.0,261.0,261.0,261.0,261.0,261.0,261.0,261.0,261.0,,,,,,,22.0,0.4333333373069763,0.8500000238418579,Xception
262,262.0,262.0,262.0,262.0,262.0,262.0,262.0,262.0,262.0,262.0,262.0,262.0,,,,,,,23.0,0.4333333373069763,0.8500000238418579,Xception
263,263.0,263.0,263.0,263.0,263.0,263.0,263.0,263.0,263.0,263.0,263.0,263.0,,,,,,,24.0,0.4333333373069763,0.8500000238418579,Xception
264,264.0,264.0,264.0,264.0,264.0,264.0,264.0,264.0,264.0,264.0,264.0,264.0,,,,,,,25.0,0.4333333373069763,0.8500000238418579,Xception
265,265.0,265.0,265.0,265.0,265.0,265.0,265.0,265.0,265.0,265.0,265.0,265.0,,,,,,,26.0,0.4333333373069763,0.8500000238418579,Xception
266,266.0,266.0,266.0,266.0,266.0,266.0,266.0,266.0,266.0,266.0,266.0,266.0,,,,,,,27.0,0.4333333373069763,0.8500000238418579,Xception
267,267.0,267.0,267.0,267.0,267.0,267.0,267.0,267.0,267.0,267.0,267.0,267.0,,,,,,,28.0,0.4333333373069763,0.8500000238418579,Xception
268,268.0,268.0,268.0,268.0,268.0,268.0,268.0,268.0,268.0,268.0,268.0,268.0,,,,,,,29.0,0.4333333373069763,0.8500000238418579,Xception
269,269.0,269.0,269.0,269.0,269.0,269.0,269.0,269.0,269.0,269.0,269.0,269.0,,,,,,,30.0,0.4333333373069763,0.8500000238418579,Xception
270,270.0,270.0,270.0,270.0,270.0,270.0,270.0,270.0,270.0,270.0,270.0,270.0,,,,,,,1.0,0.3000000119209289,0.6666666865348816,Xception
271,271.0,271.0,271.0,271.0,271.0,271.0,271.0,271.0,271.0,271.0,271.0,271.0,,,,,,,2.0,0.233333334326744,0.6666666865348816,Xception
272,272.0,272.0,272.0,272.0,272.0,272.0,272.0,272.0,272.0,272.0,272.0,272.0,,,,,,,3.0,0.2666666805744171,0.75,Xception
273,273.0,273.0,273.0,273.0,273.0,273.0,273.0,273.0,273.0,273.0,273.0,273.0,,,,,,,4.0,0.1666666716337204,0.6333333253860474,Xception
274,274.0,274.0,274.0,274.0,274.0,274.0,274.0,274.0,274.0,274.0,274.0,274.0,,,,,,,5.0,0.2666666805744171,0.7333333492279053,Xception
275,275.0,275.0,275.0,275.0,275.0,275.0,275.0,275.0,275.0,275.0,275.0,275.0,,,,,,,6.0,0.2666666805744171,0.6666666865348816,Xception
276,276.0,276.0,276.0,276.0,276.0,276.0,276.0,276.0,276.0,276.0,276.0,276.0,,,,,,,7.0,0.3000000119209289,0.6833333373069763,Xception
277,277.0,277.0,277.0,277.0,277.0,277.0,277.0,277.0,277.0,277.0,277.0,277.0,,,,,,,8.0,0.2666666805744171,0.5333333611488342,Xception
278,278.0,278.0,278.0,278.0,278.0,278.0,278.0,278.0,278.0,278.0,278.0,278.0,,,,,,,9.0,0.3333333432674408,0.7166666388511658,Xception
279,279.0,279.0,279.0,279.0,279.0,279.0,279.0,279.0,279.0,279.0,279.0,279.0,,,,,,,10.0,0.2000000029802322,0.6166666746139526,Xception
280,280.0,280.0,280.0,280.0,280.0,280.0,280.0,280.0,280.0,280.0,280.0,280.0,,,,,,,11.0,0.3000000119209289,0.8333333134651184,Xception
281,281.0,281.0,281.0,281.0,281.0,281.0,281.0,281.0,281.0,281.0,281.0,281.0,,,,,,,12.0,0.2666666805744171,0.6833333373069763,Xception
282,282.0,282.0,282.0,282.0,282.0,282.0,282.0,282.0,282.0,282.0,282.0,282.0,,,,,,,13.0,0.3333333432674408,0.75,Xception
283,283.0,283.0,283.0,283.0,283.0,283.0,283.0,283.0,283.0,283.0,283.0,283.0,,,,,,,14.0,0.4000000059604645,0.75,Xception
284,284.0,284.0,284.0,284.0,284.0,284.0,284.0,284.0,284.0,284.0,284.0,284.0,,,,,,,15.0,0.4333333373069763,0.6833333373069763,Xception
285,285.0,285.0,285.0,285.0,285.0,285.0,285.0,285.0,285.0,285.0,285.0,285.0,,,,,,,16.0,0.3333333432674408,0.8500000238418579,Xception
286,286.0,286.0,286.0,286.0,286.0,286.0,286.0,286.0,286.0,286.0,286.0,286.0,,,,,,,17.0,0.3666666746139526,0.7333333492279053,Xception
287,287.0,287.0,287.0,287.0,287.0,287.0,287.0,287.0,287.0,287.0,287.0,287.0,,,,,,,18.0,0.4000000059604645,0.8500000238418579,Xception
288,288.0,288.0,288.0,288.0,288.0,288.0,288.0,288.0,288.0,288.0,288.0,288.0,,,,,,,19.0,0.3000000119209289,0.8333333134651184,Xception
289,289.0,289.0,289.0,289.0,289.0,289.0,289.0,289.0,289.0,289.0,289.0,289.0,,,,,,,20.0,0.2666666805744171,0.800000011920929,Xception
290,290.0,290.0,290.0,290.0,290.0,290.0,290.0,290.0,290.0,290.0,290.0,290.0,,,,,,,21.0,0.3666666746139526,0.8500000238418579,Xception
291,291.0,291.0,291.0,291.0,291.0,291.0,291.0,291.0,291.0,291.0,291.0,291.0,,,,,,,22.0,0.3666666746139526,0.8500000238418579,Xception
292,292.0,292.0,292.0,292.0,292.0,292.0,292.0,292.0,292.0,292.0,292.0,292.0,,,,,,,23.0,0.3000000119209289,0.800000011920929,Xception
293,293.0,293.0,293.0,293.0,293.0,293.0,293.0,293.0,293.0,293.0,293.0,293.0,,,,,,,24.0,0.2666666805744171,0.800000011920929,Xception
294,294.0,294.0,294.0,294.0,294.0,294.0,294.0,294.0,294.0,294.0,294.0,294.0,,,,,,,25.0,0.3000000119209289,0.800000011920929,Xception
295,295.0,295.0,295.0,295.0,295.0,295.0,295.0,295.0,295.0,295.0,295.0,295.0,,,,,,,26.0,0.3000000119209289,0.800000011920929,Xception
296,296.0,296.0,296.0,296.0,296.0,296.0,296.0,296.0,296.0,296.0,296.0,296.0,,,,,,,27.0,0.3000000119209289,0.800000011920929,Xception
297,297.0,297.0,297.0,297.0,297.0,297.0,297.0,297.0,297.0,297.0,297.0,297.0,,,,,,,28.0,0.3666666746139526,0.8333333134651184,Xception
298,298.0,298.0,298.0,298.0,298.0,298.0,298.0,298.0,298.0,298.0,298.0,298.0,,,,,,,29.0,0.3333333432674408,0.8333333134651184,Xception
299,299.0,299.0,299.0,299.0,299.0,299.0,299.0,299.0,299.0,299.0,299.0,299.0,,,,,,,30.0,0.3000000119209289,0.800000011920929,Xception
300,300.0,300.0,300.0,300.0,300.0,300.0,300.0,300.0,300.0,300.0,300.0,,,,,,,,1.0,0.1666666716337204,0.5,Efficient
301,301.0,301.0,301.0,301.0,301.0,301.0,301.0,301.0,301.0,301.0,301.0,,,,,,,,2.0,0.1666666716337204,0.5,Efficient
302,302.0,302.0,302.0,302.0,302.0,302.0,302.0,302.0,302.0,302.0,302.0,,,,,,,,3.0,0.1666666716337204,0.5,Efficient
303,303.0,303.0,303.0,303.0,303.0,303.0,303.0,303.0,303.0,303.0,303.0,,,,,,,,4.0,0.1666666716337204,0.5,Efficient
304,304.0,304.0,304.0,304.0,304.0,304.0,304.0,304.0,304.0,304.0,304.0,,,,,,,,5.0,0.1666666716337204,0.5,Efficient
305,305.0,305.0,305.0,305.0,305.0,305.0,305.0,305.0,305.0,305.0,305.0,,,,,,,,6.0,0.1666666716337204,0.5,Efficient
306,306.0,306.0,306.0,306.0,306.0,306.0,306.0,306.0,306.0,306.0,306.0,,,,,,,,7.0,0.1666666716337204,0.5,Efficient
307,307.0,307.0,307.0,307.0,307.0,307.0,307.0,307.0,307.0,307.0,307.0,,,,,,,,8.0,0.1666666716337204,0.5,Efficient
308,308.0,308.0,308.0,308.0,308.0,308.0,308.0,308.0,308.0,308.0,308.0,,,,,,,,9.0,0.1666666716337204,0.5,Efficient
309,309.0,309.0,309.0,309.0,309.0,309.0,309.0,309.0,309.0,309.0,309.0,,,,,,,,10.0,0.1666666716337204,0.5,Efficient
310,310.0,310.0,310.0,310.0,310.0,310.0,310.0,310.0,310.0,310.0,310.0,,,,,,,,11.0,0.1666666716337204,0.5,Efficient
311,311.0,311.0,311.0,311.0,311.0,311.0,311.0,311.0,311.0,311.0,311.0,,,,,,,,12.0,0.1666666716337204,0.5,Efficient
312,312.0,312.0,312.0,312.0,312.0,312.0,312.0,312.0,312.0,312.0,312.0,,,,,,,,13.0,0.1666666716337204,0.5,Efficient
313,313.0,313.0,313.0,313.0,313.0,313.0,313.0,313.0,313.0,313.0,313.0,,,,,,,,14.0,0.1666666716337204,0.3333333432674408,Efficient
314,314.0,314.0,314.0,314.0,314.0,314.0,314.0,314.0,314.0,314.0,314.0,,,,,,,,15.0,0.1666666716337204,0.5,Efficient
315,315.0,315.0,315.0,315.0,315.0,315.0,315.0,315.0,315.0,315.0,315.0,,,,,,,,16.0,0.1666666716337204,0.5,Efficient
316,316.0,316.0,316.0,316.0,316.0,316.0,316.0,316.0,316.0,316.0,316.0,,,,,,,,17.0,0.1666666716337204,0.5,Efficient
317,317.0,317.0,317.0,317.0,317.0,317.0,317.0,317.0,317.0,317.0,317.0,,,,,,,,18.0,0.1666666716337204,0.5,Efficient
318,318.0,318.0,318.0,318.0,318.0,318.0,318.0,318.0,318.0,318.0,318.0,,,,,,,,19.0,0.1666666716337204,0.5,Efficient
319,319.0,319.0,319.0,319.0,319.0,319.0,319.0,319.0,319.0,319.0,319.0,,,,,,,,20.0,0.1666666716337204,0.5,Efficient
320,320.0,320.0,320.0,320.0,320.0,320.0,320.0,320.0,320.0,320.0,320.0,,,,,,,,21.0,0.1666666716337204,0.5,Efficient
321,321.0,321.0,321.0,321.0,321.0,321.0,321.0,321.0,321.0,321.0,321.0,,,,,,,,22.0,0.1666666716337204,0.5,Efficient
322,322.0,322.0,322.0,322.0,322.0,322.0,322.0,322.0,322.0,322.0,322.0,,,,,,,,23.0,0.1666666716337204,0.5,Efficient
323,323.0,323.0,323.0,323.0,323.0,323.0,323.0,323.0,323.0,323.0,323.0,,,,,,,,24.0,0.1666666716337204,0.5,Efficient
324,324.0,324.0,324.0,324.0,324.0,324.0,324.0,324.0,324.0,324.0,324.0,,,,,,,,25.0,0.1666666716337204,0.5,Efficient
325,325.0,325.0,325.0,325.0,325.0,325.0,325.0,325.0,325.0,325.0,325.0,,,,,,,,26.0,0.1666666716337204,0.5,Efficient
326,326.0,326.0,326.0,326.0,326.0,326.0,326.0,326.0,326.0,326.0,326.0,,,,,,,,27.0,0.1666666716337204,0.5,Efficient
327,327.0,327.0,327.0,327.0,327.0,327.0,327.0,327.0,327.0,327.0,327.0,,,,,,,,28.0,0.1666666716337204,0.5,Efficient
328,328.0,328.0,328.0,328.0,328.0,328.0,328.0,328.0,328.0,328.0,328.0,,,,,,,,29.0,0.1666666716337204,0.5,Efficient
329,329.0,329.0,329.0,329.0,329.0,329.0,329.0,329.0,329.0,329.0,329.0,,,,,,,,30.0,0.1666666716337204,0.5,Efficient
330,330.0,330.0,330.0,330.0,330.0,330.0,330.0,330.0,330.0,330.0,,,,,,,,,1.0,0.1666666716337204,0.5,Efficient
331,331.0,331.0,331.0,331.0,331.0,331.0,331.0,331.0,331.0,331.0,,,,,,,,,2.0,0.1666666716337204,0.3333333432674408,Efficient
332,332.0,332.0,332.0,332.0,332.0,332.0,332.0,332.0,332.0,332.0,,,,,,,,,3.0,0.1666666716337204,0.3333333432674408,Efficient
333,333.0,333.0,333.0,333.0,333.0,333.0,333.0,333.0,333.0,333.0,,,,,,,,,4.0,0.1666666716337204,0.3333333432674408,Efficient
334,334.0,334.0,334.0,334.0,334.0,334.0,334.0,334.0,334.0,334.0,,,,,,,,,5.0,0.1666666716337204,0.3333333432674408,Efficient
335,335.0,335.0,335.0,335.0,335.0,335.0,335.0,335.0,335.0,335.0,,,,,,,,,6.0,0.1666666716337204,0.5,Efficient
336,336.0,336.0,336.0,336.0,336.0,336.0,336.0,336.0,336.0,336.0,,,,,,,,,7.0,0.1666666716337204,0.5,Efficient
337,337.0,337.0,337.0,337.0,337.0,337.0,337.0,337.0,337.0,337.0,,,,,,,,,8.0,0.1666666716337204,0.3333333432674408,Efficient
338,338.0,338.0,338.0,338.0,338.0,338.0,338.0,338.0,338.0,338.0,,,,,,,,,9.0,0.1666666716337204,0.3333333432674408,Efficient
339,339.0,339.0,339.0,339.0,339.0,339.0,339.0,339.0,339.0,339.0,,,,,,,,,10.0,0.1666666716337204,0.3333333432674408,Efficient
340,340.0,340.0,340.0,340.0,340.0,340.0,340.0,340.0,340.0,340.0,,,,,,,,,11.0,0.1666666716337204,0.3333333432674408,Efficient
341,341.0,341.0,341.0,341.0,341.0,341.0,341.0,341.0,341.0,341.0,,,,,,,,,12.0,0.1666666716337204,0.3333333432674408,Efficient
342,342.0,342.0,342.0,342.0,342.0,342.0,342.0,342.0,342.0,342.0,,,,,,,,,13.0,0.1666666716337204,0.3333333432674408,Efficient
343,343.0,343.0,343.0,343.0,343.0,343.0,343.0,343.0,343.0,343.0,,,,,,,,,14.0,0.1666666716337204,0.3333333432674408,Efficient
344,344.0,344.0,344.0,344.0,344.0,344.0,344.0,344.0,344.0,344.0,,,,,,,,,15.0,0.1666666716337204,0.3333333432674408,Efficient
345,345.0,345.0,345.0,345.0,345.0,345.0,345.0,345.0,345.0,345.0,,,,,,,,,16.0,0.1666666716337204,0.3333333432674408,Efficient
346,346.0,346.0,346.0,346.0,346.0,346.0,346.0,346.0,346.0,346.0,,,,,,,,,17.0,0.1666666716337204,0.3333333432674408,Efficient
347,347.0,347.0,347.0,347.0,347.0,347.0,347.0,347.0,347.0,347.0,,,,,,,,,18.0,0.1666666716337204,0.3333333432674408,Efficient
348,348.0,348.0,348.0,348.0,348.0,348.0,348.0,348.0,348.0,348.0,,,,,,,,,19.0,0.1666666716337204,0.5,Efficient
349,349.0,349.0,349.0,349.0,349.0,349.0,349.0,349.0,349.0,349.0,,,,,,,,,20.0,0.1666666716337204,0.5,Efficient
350,350.0,350.0,350.0,350.0,350.0,350.0,350.0,350.0,350.0,350.0,,,,,,,,,21.0,0.1666666716337204,0.5,Efficient
351,351.0,351.0,351.0,351.0,351.0,351.0,351.0,351.0,351.0,351.0,,,,,,,,,22.0,0.1666666716337204,0.5,Efficient
352,352.0,352.0,352.0,352.0,352.0,352.0,352.0,352.0,352.0,352.0,,,,,,,,,23.0,0.1666666716337204,0.5,Efficient
353,353.0,353.0,353.0,353.0,353.0,353.0,353.0,353.0,353.0,353.0,,,,,,,,,24.0,0.1666666716337204,0.5,Efficient
354,354.0,354.0,354.0,354.0,354.0,354.0,354.0,354.0,354.0,354.0,,,,,,,,,25.0,0.1666666716337204,0.5,Efficient
355,355.0,355.0,355.0,355.0,355.0,355.0,355.0,355.0,355.0,355.0,,,,,,,,,26.0,0.1666666716337204,0.5,Efficient
356,356.0,356.0,356.0,356.0,356.0,356.0,356.0,356.0,356.0,356.0,,,,,,,,,27.0,0.1666666716337204,0.3333333432674408,Efficient
357,357.0,357.0,357.0,357.0,357.0,357.0,357.0,357.0,357.0,357.0,,,,,,,,,28.0,0.1666666716337204,0.3333333432674408,Efficient
358,358.0,358.0,358.0,358.0,358.0,358.0,358.0,358.0,358.0,358.0,,,,,,,,,29.0,0.1666666716337204,0.3333333432674408,Efficient
359,359.0,359.0,359.0,359.0,359.0,359.0,359.0,359.0,359.0,359.0,,,,,,,,,30.0,0.1666666716337204,0.3333333432674408,Efficient
360,360.0,360.0,360.0,360.0,360.0,360.0,360.0,360.0,360.0,,,,,,,,,,1.0,0.1666666716337204,0.3333333432674408,Efficient
361,361.0,361.0,361.0,361.0,361.0,361.0,361.0,361.0,361.0,,,,,,,,,,2.0,0.1666666716337204,0.5,Efficient
362,362.0,362.0,362.0,362.0,362.0,362.0,362.0,362.0,362.0,,,,,,,,,,3.0,0.1666666716337204,0.5,Efficient
363,363.0,363.0,363.0,363.0,363.0,363.0,363.0,363.0,363.0,,,,,,,,,,4.0,0.1666666716337204,0.5,Efficient
364,364.0,364.0,364.0,364.0,364.0,364.0,364.0,364.0,364.0,,,,,,,,,,5.0,0.1666666716337204,0.5,Efficient
365,365.0,365.0,365.0,365.0,365.0,365.0,365.0,365.0,365.0,,,,,,,,,,6.0,0.1666666716337204,0.5,Efficient
366,366.0,366.0,366.0,366.0,366.0,366.0,366.0,366.0,366.0,,,,,,,,,,7.0,0.1666666716337204,0.5,Efficient
367,367.0,367.0,367.0,367.0,367.0,367.0,367.0,367.0,367.0,,,,,,,,,,8.0,0.1666666716337204,0.5,Efficient
368,368.0,368.0,368.0,368.0,368.0,368.0,368.0,368.0,368.0,,,,,,,,,,9.0,0.1666666716337204,0.5,Efficient
369,369.0,369.0,369.0,369.0,369.0,369.0,369.0,369.0,369.0,,,,,,,,,,10.0,0.1666666716337204,0.5,Efficient
370,370.0,370.0,370.0,370.0,370.0,370.0,370.0,370.0,370.0,,,,,,,,,,11.0,0.1666666716337204,0.3333333432674408,Efficient
371,371.0,371.0,371.0,371.0,371.0,371.0,371.0,371.0,371.0,,,,,,,,,,12.0,0.1666666716337204,0.3333333432674408,Efficient
372,372.0,372.0,372.0,372.0,372.0,372.0,372.0,372.0,372.0,,,,,,,,,,13.0,0.1666666716337204,0.3333333432674408,Efficient
373,373.0,373.0,373.0,373.0,373.0,373.0,373.0,373.0,373.0,,,,,,,,,,14.0,0.1666666716337204,0.5,Efficient
374,374.0,374.0,374.0,374.0,374.0,374.0,374.0,374.0,374.0,,,,,,,,,,15.0,0.1666666716337204,0.5,Efficient
375,375.0,375.0,375.0,375.0,375.0,375.0,375.0,375.0,375.0,,,,,,,,,,16.0,0.1666666716337204,0.5,Efficient
376,376.0,376.0,376.0,376.0,376.0,376.0,376.0,376.0,376.0,,,,,,,,,,17.0,0.1666666716337204,0.5,Efficient
377,377.0,377.0,377.0,377.0,377.0,377.0,377.0,377.0,377.0,,,,,,,,,,18.0,0.1666666716337204,0.5,Efficient
378,378.0,378.0,378.0,378.0,378.0,378.0,378.0,378.0,378.0,,,,,,,,,,19.0,0.1666666716337204,0.5,Efficient
379,379.0,379.0,379.0,379.0,379.0,379.0,379.0,379.0,379.0,,,,,,,,,,20.0,0.1666666716337204,0.5,Efficient
380,380.0,380.0,380.0,380.0,380.0,380.0,380.0,380.0,380.0,,,,,,,,,,21.0,0.1666666716337204,0.5,Efficient
381,381.0,381.0,381.0,381.0,381.0,381.0,381.0,381.0,381.0,,,,,,,,,,22.0,0.1666666716337204,0.5,Efficient
382,382.0,382.0,382.0,382.0,382.0,382.0,382.0,382.0,382.0,,,,,,,,,,23.0,0.1666666716337204,0.5,Efficient
383,383.0,383.0,383.0,383.0,383.0,383.0,383.0,383.0,383.0,,,,,,,,,,24.0,0.1666666716337204,0.5,Efficient
384,384.0,384.0,384.0,384.0,384.0,384.0,384.0,384.0,384.0,,,,,,,,,,25.0,0.1666666716337204,0.5,Efficient
385,385.0,385.0,385.0,385.0,385.0,385.0,385.0,385.0,385.0,,,,,,,,,,26.0,0.1666666716337204,0.5,Efficient
386,386.0,386.0,386.0,386.0,386.0,386.0,386.0,386.0,386.0,,,,,,,,,,27.0,0.1666666716337204,0.5,Efficient
387,387.0,387.0,387.0,387.0,387.0,387.0,387.0,387.0,387.0,,,,,,,,,,28.0,0.1666666716337204,0.3333333432674408,Efficient
388,388.0,388.0,388.0,388.0,388.0,388.0,388.0,388.0,388.0,,,,,,,,,,29.0,0.1666666716337204,0.5,Efficient
389,389.0,389.0,389.0,389.0,389.0,389.0,389.0,389.0,389.0,,,,,,,,,,30.0,0.1666666716337204,0.5,Efficient
390,390.0,390.0,390.0,390.0,390.0,390.0,390.0,390.0,,,,,,,,,,,1.0,0.1666666716337204,0.3333333432674408,Efficient
391,391.0,391.0,391.0,391.0,391.0,391.0,391.0,391.0,,,,,,,,,,,2.0,0.1666666716337204,0.3333333432674408,Efficient
392,392.0,392.0,392.0,392.0,392.0,392.0,392.0,392.0,,,,,,,,,,,3.0,0.1666666716337204,0.3333333432674408,Efficient
393,393.0,393.0,393.0,393.0,393.0,393.0,393.0,393.0,,,,,,,,,,,4.0,0.1666666716337204,0.3333333432674408,Efficient
394,394.0,394.0,394.0,394.0,394.0,394.0,394.0,394.0,,,,,,,,,,,5.0,0.1666666716337204,0.3333333432674408,Efficient
395,395.0,395.0,395.0,395.0,395.0,395.0,395.0,395.0,,,,,,,,,,,6.0,0.1666666716337204,0.3333333432674408,Efficient
396,396.0,396.0,396.0,396.0,396.0,396.0,396.0,396.0,,,,,,,,,,,7.0,0.1666666716337204,0.3333333432674408,Efficient
397,397.0,397.0,397.0,397.0,397.0,397.0,397.0,397.0,,,,,,,,,,,8.0,0.1666666716337204,0.3333333432674408,Efficient
398,398.0,398.0,398.0,398.0,398.0,398.0,398.0,398.0,,,,,,,,,,,9.0,0.1666666716337204,0.3333333432674408,Efficient
399,399.0,399.0,399.0,399.0,399.0,399.0,399.0,399.0,,,,,,,,,,,10.0,0.1666666716337204,0.3333333432674408,Efficient
400,400.0,400.0,400.0,400.0,400.0,400.0,400.0,400.0,,,,,,,,,,,11.0,0.1666666716337204,0.3333333432674408,Efficient
401,401.0,401.0,401.0,401.0,401.0,401.0,401.0,401.0,,,,,,,,,,,12.0,0.1666666716337204,0.3333333432674408,Efficient
402,402.0,402.0,402.0,402.0,402.0,402.0,402.0,402.0,,,,,,,,,,,13.0,0.1666666716337204,0.3333333432674408,Efficient
403,403.0,403.0,403.0,403.0,403.0,403.0,403.0,403.0,,,,,,,,,,,14.0,0.1666666716337204,0.3333333432674408,Efficient
404,404.0,404.0,404.0,404.0,404.0,404.0,404.0,404.0,,,,,,,,,,,15.0,0.1666666716337204,0.3333333432674408,Efficient
405,405.0,405.0,405.0,405.0,405.0,405.0,405.0,405.0,,,,,,,,,,,16.0,0.1666666716337204,0.3333333432674408,Efficient
406,406.0,406.0,406.0,406.0,406.0,406.0,406.0,406.0,,,,,,,,,,,17.0,0.1666666716337204,0.3333333432674408,Efficient
407,407.0,407.0,407.0,407.0,407.0,407.0,407.0,407.0,,,,,,,,,,,18.0,0.1666666716337204,0.3333333432674408,Efficient
408,408.0,408.0,408.0,408.0,408.0,408.0,408.0,408.0,,,,,,,,,,,19.0,0.1666666716337204,0.3333333432674408,Efficient
409,409.0,409.0,409.0,409.0,409.0,409.0,409.0,409.0,,,,,,,,,,,20.0,0.1666666716337204,0.3333333432674408,Efficient
410,410.0,410.0,410.0,410.0,410.0,410.0,410.0,410.0,,,,,,,,,,,21.0,0.1666666716337204,0.3333333432674408,Efficient
411,411.0,411.0,411.0,411.0,411.0,411.0,411.0,411.0,,,,,,,,,,,22.0,0.1666666716337204,0.3333333432674408,Efficient
412,412.0,412.0,412.0,412.0,412.0,412.0,412.0,412.0,,,,,,,,,,,23.0,0.1666666716337204,0.3333333432674408,Efficient
413,413.0,413.0,413.0,413.0,413.0,413.0,413.0,413.0,,,,,,,,,,,24.0,0.1666666716337204,0.3333333432674408,Efficient
414,414.0,414.0,414.0,414.0,414.0,414.0,414.0,414.0,,,,,,,,,,,25.0,0.1666666716337204,0.3333333432674408,Efficient
415,415.0,415.0,415.0,415.0,415.0,415.0,415.0,415.0,,,,,,,,,,,26.0,0.1666666716337204,0.3333333432674408,Efficient
416,416.0,416.0,416.0,416.0,416.0,416.0,416.0,416.0,,,,,,,,,,,27.0,0.1666666716337204,0.3333333432674408,Efficient
417,417.0,417.0,417.0,417.0,417.0,417.0,417.0,417.0,,,,,,,,,,,28.0,0.1666666716337204,0.3333333432674408,Efficient
418,418.0,418.0,418.0,418.0,418.0,418.0,418.0,418.0,,,,,,,,,,,29.0,0.1666666716337204,0.3333333432674408,Efficient
419,419.0,419.0,419.0,419.0,419.0,419.0,419.0,419.0,,,,,,,,,,,30.0,0.1666666716337204,0.3333333432674408,Efficient
420,420.0,420.0,420.0,420.0,420.0,420.0,420.0,,,,,,,,,,,,1.0,0.1666666716337204,0.3333333432674408,Efficient
421,421.0,421.0,421.0,421.0,421.0,421.0,421.0,,,,,,,,,,,,2.0,0.1666666716337204,0.5,Efficient
422,422.0,422.0,422.0,422.0,422.0,422.0,422.0,,,,,,,,,,,,3.0,0.1666666716337204,0.3333333432674408,Efficient
423,423.0,423.0,423.0,423.0,423.0,423.0,423.0,,,,,,,,,,,,4.0,0.1666666716337204,0.3333333432674408,Efficient
424,424.0,424.0,424.0,424.0,424.0,424.0,424.0,,,,,,,,,,,,5.0,0.1666666716337204,0.3333333432674408,Efficient
425,425.0,425.0,425.0,425.0,425.0,425.0,425.0,,,,,,,,,,,,6.0,0.1666666716337204,0.5,Efficient
426,426.0,426.0,426.0,426.0,426.0,426.0,426.0,,,,,,,,,,,,7.0,0.1666666716337204,0.5,Efficient
427,427.0,427.0,427.0,427.0,427.0,427.0,427.0,,,,,,,,,,,,8.0,0.1666666716337204,0.5,Efficient
428,428.0,428.0,428.0,428.0,428.0,428.0,428.0,,,,,,,,,,,,9.0,0.1666666716337204,0.5,Efficient
429,429.0,429.0,429.0,429.0,429.0,429.0,429.0,,,,,,,,,,,,10.0,0.1666666716337204,0.5,Efficient
430,430.0,430.0,430.0,430.0,430.0,430.0,430.0,,,,,,,,,,,,11.0,0.1666666716337204,0.3333333432674408,Efficient
431,431.0,431.0,431.0,431.0,431.0,431.0,431.0,,,,,,,,,,,,12.0,0.1666666716337204,0.5,Efficient
432,432.0,432.0,432.0,432.0,432.0,432.0,432.0,,,,,,,,,,,,13.0,0.1666666716337204,0.5,Efficient
433,433.0,433.0,433.0,433.0,433.0,433.0,433.0,,,,,,,,,,,,14.0,0.1666666716337204,0.5,Efficient
434,434.0,434.0,434.0,434.0,434.0,434.0,434.0,,,,,,,,,,,,15.0,0.1666666716337204,0.5,Efficient
435,435.0,435.0,435.0,435.0,435.0,435.0,435.0,,,,,,,,,,,,16.0,0.1666666716337204,0.5,Efficient
436,436.0,436.0,436.0,436.0,436.0,436.0,436.0,,,,,,,,,,,,17.0,0.1666666716337204,0.5,Efficient
437,437.0,437.0,437.0,437.0,437.0,437.0,437.0,,,,,,,,,,,,18.0,0.1666666716337204,0.5,Efficient
438,438.0,438.0,438.0,438.0,438.0,438.0,438.0,,,,,,,,,,,,19.0,0.1666666716337204,0.5,Efficient
439,439.0,439.0,439.0,439.0,439.0,439.0,439.0,,,,,,,,,,,,20.0,0.1666666716337204,0.5,Efficient
440,440.0,440.0,440.0,440.0,440.0,440.0,440.0,,,,,,,,,,,,21.0,0.1666666716337204,0.5,Efficient
441,441.0,441.0,441.0,441.0,441.0,441.0,441.0,,,,,,,,,,,,22.0,0.1666666716337204,0.5,Efficient
442,442.0,442.0,442.0,442.0,442.0,442.0,442.0,,,,,,,,,,,,23.0,0.1666666716337204,0.5,Efficient
443,443.0,443.0,443.0,443.0,443.0,443.0,443.0,,,,,,,,,,,,24.0,0.1666666716337204,0.5,Efficient
444,444.0,444.0,444.0,444.0,444.0,444.0,444.0,,,,,,,,,,,,25.0,0.1666666716337204,0.5,Efficient
445,445.0,445.0,445.0,445.0,445.0,445.0,445.0,,,,,,,,,,,,26.0,0.1666666716337204,0.5,Efficient
446,446.0,446.0,446.0,446.0,446.0,446.0,446.0,,,,,,,,,,,,27.0,0.1666666716337204,0.5,Efficient
447,447.0,447.0,447.0,447.0,447.0,447.0,447.0,,,,,,,,,,,,28.0,0.1666666716337204,0.5,Efficient
448,448.0,448.0,448.0,448.0,448.0,448.0,448.0,,,,,,,,,,,,29.0,0.1666666716337204,0.5,Efficient
449,449.0,449.0,449.0,449.0,449.0,449.0,449.0,,,,,,,,,,,,30.0,0.1666666716337204,0.5,Efficient
450,450.0,450.0,450.0,450.0,450.0,450.0,,,,,,,,,,,,,1.0,0.1666666716337204,0.5,Efficient
451,451.0,451.0,451.0,451.0,451.0,451.0,,,,,,,,,,,,,2.0,0.1666666716337204,0.5,Efficient
452,452.0,452.0,452.0,452.0,452.0,452.0,,,,,,,,,,,,,3.0,0.1666666716337204,0.5,Efficient
453,453.0,453.0,453.0,453.0,453.0,453.0,,,,,,,,,,,,,4.0,0.1666666716337204,0.5,Efficient
454,454.0,454.0,454.0,454.0,454.0,454.0,,,,,,,,,,,,,5.0,0.1666666716337204,0.5,Efficient
455,455.0,455.0,455.0,455.0,455.0,455.0,,,,,,,,,,,,,6.0,0.1666666716337204,0.5,Efficient
456,456.0,456.0,456.0,456.0,456.0,456.0,,,,,,,,,,,,,7.0,0.1666666716337204,0.5,Efficient
457,457.0,457.0,457.0,457.0,457.0,457.0,,,,,,,,,,,,,8.0,0.1666666716337204,0.5,Efficient
458,458.0,458.0,458.0,458.0,458.0,458.0,,,,,,,,,,,,,9.0,0.1666666716337204,0.5,Efficient
459,459.0,459.0,459.0,459.0,459.0,459.0,,,,,,,,,,,,,10.0,0.1666666716337204,0.5,Efficient
460,460.0,460.0,460.0,460.0,460.0,460.0,,,,,,,,,,,,,11.0,0.1666666716337204,0.5,Efficient
461,461.0,461.0,461.0,461.0,461.0,461.0,,,,,,,,,,,,,12.0,0.1666666716337204,0.5,Efficient
462,462.0,462.0,462.0,462.0,462.0,462.0,,,,,,,,,,,,,13.0,0.1666666716337204,0.5,Efficient
463,463.0,463.0,463.0,463.0,463.0,463.0,,,,,,,,,,,,,14.0,0.1666666716337204,0.3333333432674408,Efficient
464,464.0,464.0,464.0,464.0,464.0,464.0,,,,,,,,,,,,,15.0,0.1666666716337204,0.5,Efficient
465,465.0,465.0,465.0,465.0,465.0,465.0,,,,,,,,,,,,,16.0,0.1666666716337204,0.5,Efficient
466,466.0,466.0,466.0,466.0,466.0,466.0,,,,,,,,,,,,,17.0,0.1666666716337204,0.5,Efficient
467,467.0,467.0,467.0,467.0,467.0,467.0,,,,,,,,,,,,,18.0,0.1666666716337204,0.5,Efficient
468,468.0,468.0,468.0,468.0,468.0,468.0,,,,,,,,,,,,,19.0,0.1666666716337204,0.5,Efficient
469,469.0,469.0,469.0,469.0,469.0,469.0,,,,,,,,,,,,,20.0,0.1666666716337204,0.5,Efficient
470,470.0,470.0,470.0,470.0,470.0,470.0,,,,,,,,,,,,,21.0,0.1666666716337204,0.5,Efficient
471,471.0,471.0,471.0,471.0,471.0,471.0,,,,,,,,,,,,,22.0,0.1666666716337204,0.5,Efficient
472,472.0,472.0,472.0,472.0,472.0,472.0,,,,,,,,,,,,,23.0,0.1666666716337204,0.5,Efficient
473,473.0,473.0,473.0,473.0,473.0,473.0,,,,,,,,,,,,,24.0,0.1666666716337204,0.5,Efficient
474,474.0,474.0,474.0,474.0,474.0,474.0,,,,,,,,,,,,,25.0,0.1666666716337204,0.5,Efficient
475,475.0,475.0,475.0,475.0,475.0,475.0,,,,,,,,,,,,,26.0,0.1666666716337204,0.5,Efficient
476,476.0,476.0,476.0,476.0,476.0,476.0,,,,,,,,,,,,,27.0,0.1666666716337204,0.5,Efficient
477,477.0,477.0,477.0,477.0,477.0,477.0,,,,,,,,,,,,,28.0,0.1666666716337204,0.5,Efficient
478,478.0,478.0,478.0,478.0,478.0,478.0,,,,,,,,,,,,,29.0,0.1666666716337204,0.5,Efficient
479,479.0,479.0,479.0,479.0,479.0,479.0,,,,,,,,,,,,,30.0,0.1666666716337204,0.5,Efficient
480,480.0,480.0,480.0,480.0,480.0,480.0,,,,,,,,,,,,,1.0,0.1666666716337204,0.5,Efficient
481,481.0,481.0,481.0,481.0,481.0,481.0,,,,,,,,,,,,,2.0,0.1666666716337204,0.3333333432674408,Efficient
482,482.0,482.0,482.0,482.0,482.0,482.0,,,,,,,,,,,,,3.0,0.1666666716337204,0.3333333432674408,Efficient
483,483.0,483.0,483.0,483.0,483.0,483.0,,,,,,,,,,,,,4.0,0.1666666716337204,0.3333333432674408,Efficient
484,484.0,484.0,484.0,484.0,484.0,484.0,,,,,,,,,,,,,5.0,0.1666666716337204,0.3333333432674408,Efficient
485,485.0,485.0,485.0,485.0,485.0,485.0,,,,,,,,,,,,,6.0,0.1666666716337204,0.5,Efficient
486,486.0,486.0,486.0,486.0,486.0,486.0,,,,,,,,,,,,,7.0,0.1666666716337204,0.5,Efficient
487,487.0,487.0,487.0,487.0,487.0,487.0,,,,,,,,,,,,,8.0,0.1666666716337204,0.3333333432674408,Efficient
488,488.0,488.0,488.0,488.0,488.0,488.0,,,,,,,,,,,,,9.0,0.1666666716337204,0.3333333432674408,Efficient
489,489.0,489.0,489.0,489.0,489.0,489.0,,,,,,,,,,,,,10.0,0.1666666716337204,0.3333333432674408,Efficient
490,490.0,490.0,490.0,490.0,490.0,490.0,,,,,,,,,,,,,11.0,0.1666666716337204,0.3333333432674408,Efficient
491,491.0,491.0,491.0,491.0,491.0,491.0,,,,,,,,,,,,,12.0,0.1666666716337204,0.3333333432674408,Efficient
492,492.0,492.0,492.0,492.0,492.0,492.0,,,,,,,,,,,,,13.0,0.1666666716337204,0.3333333432674408,Efficient
493,493.0,493.0,493.0,493.0,493.0,493.0,,,,,,,,,,,,,14.0,0.1666666716337204,0.3333333432674408,Efficient
494,494.0,494.0,494.0,494.0,494.0,494.0,,,,,,,,,,,,,15.0,0.1666666716337204,0.3333333432674408,Efficient
495,495.0,495.0,495.0,495.0,495.0,495.0,,,,,,,,,,,,,16.0,0.1666666716337204,0.3333333432674408,Efficient
496,496.0,496.0,496.0,496.0,496.0,496.0,,,,,,,,,,,,,17.0,0.1666666716337204,0.3333333432674408,Efficient
497,497.0,497.0,497.0,497.0,497.0,497.0,,,,,,,,,,,,,18.0,0.1666666716337204,0.3333333432674408,Efficient
498,498.0,498.0,498.0,498.0,498.0,498.0,,,,,,,,,,,,,19.0,0.1666666716337204,0.5,Efficient
499,499.0,499.0,499.0,499.0,499.0,499.0,,,,,,,,,,,,,20.0,0.1666666716337204,0.5,Efficient
500,500.0,500.0,500.0,500.0,500.0,500.0,,,,,,,,,,,,,21.0,0.1666666716337204,0.5,Efficient
501,501.0,501.0,501.0,501.0,501.0,501.0,,,,,,,,,,,,,22.0,0.1666666716337204,0.5,Efficient
502,502.0,502.0,502.0,502.0,502.0,502.0,,,,,,,,,,,,,23.0,0.1666666716337204,0.5,Efficient
503,503.0,503.0,503.0,503.0,503.0,503.0,,,,,,,,,,,,,24.0,0.1666666716337204,0.5,Efficient
504,504.0,504.0,504.0,504.0,504.0,504.0,,,,,,,,,,,,,25.0,0.1666666716337204,0.5,Efficient
505,505.0,505.0,505.0,505.0,505.0,505.0,,,,,,,,,,,,,26.0,0.1666666716337204,0.5,Efficient
506,506.0,506.0,506.0,506.0,506.0,506.0,,,,,,,,,,,,,27.0,0.1666666716337204,0.3333333432674408,Efficient
507,507.0,507.0,507.0,507.0,507.0,507.0,,,,,,,,,,,,,28.0,0.1666666716337204,0.3333333432674408,Efficient
508,508.0,508.0,508.0,508.0,508.0,508.0,,,,,,,,,,,,,29.0,0.1666666716337204,0.3333333432674408,Efficient
509,509.0,509.0,509.0,509.0,509.0,509.0,,,,,,,,,,,,,30.0,0.1666666716337204,0.3333333432674408,Efficient
510,510.0,510.0,510.0,510.0,510.0,510.0,,,,,,,,,,,,,1.0,0.1666666716337204,0.3333333432674408,Efficient
511,511.0,511.0,511.0,511.0,511.0,511.0,,,,,,,,,,,,,2.0,0.1666666716337204,0.5,Efficient
512,512.0,512.0,512.0,512.0,512.0,512.0,,,,,,,,,,,,,3.0,0.1666666716337204,0.5,Efficient
513,513.0,513.0,513.0,513.0,513.0,513.0,,,,,,,,,,,,,4.0,0.1666666716337204,0.5,Efficient
514,514.0,514.0,514.0,514.0,514.0,514.0,,,,,,,,,,,,,5.0,0.1666666716337204,0.5,Efficient
515,515.0,515.0,515.0,515.0,515.0,515.0,,,,,,,,,,,,,6.0,0.1666666716337204,0.5,Efficient
516,516.0,516.0,516.0,516.0,516.0,516.0,,,,,,,,,,,,,7.0,0.1666666716337204,0.5,Efficient
517,517.0,517.0,517.0,517.0,517.0,517.0,,,,,,,,,,,,,8.0,0.1666666716337204,0.5,Efficient
518,518.0,518.0,518.0,518.0,518.0,518.0,,,,,,,,,,,,,9.0,0.1666666716337204,0.5,Efficient
519,519.0,519.0,519.0,519.0,519.0,519.0,,,,,,,,,,,,,10.0,0.1666666716337204,0.5,Efficient
520,520.0,520.0,520.0,520.0,520.0,520.0,,,,,,,,,,,,,11.0,0.1666666716337204,0.3333333432674408,Efficient
521,521.0,521.0,521.0,521.0,521.0,521.0,,,,,,,,,,,,,12.0,0.1666666716337204,0.3333333432674408,Efficient
522,522.0,522.0,522.0,522.0,522.0,522.0,,,,,,,,,,,,,13.0,0.1666666716337204,0.3333333432674408,Efficient
523,523.0,523.0,523.0,523.0,523.0,523.0,,,,,,,,,,,,,14.0,0.1666666716337204,0.5,Efficient
524,524.0,524.0,524.0,524.0,524.0,524.0,,,,,,,,,,,,,15.0,0.1666666716337204,0.5,Efficient
525,525.0,525.0,525.0,525.0,525.0,525.0,,,,,,,,,,,,,16.0,0.1666666716337204,0.5,Efficient
526,526.0,526.0,526.0,526.0,526.0,526.0,,,,,,,,,,,,,17.0,0.1666666716337204,0.5,Efficient
527,527.0,527.0,527.0,527.0,527.0,527.0,,,,,,,,,,,,,18.0,0.1666666716337204,0.5,Efficient
528,528.0,528.0,528.0,528.0,528.0,528.0,,,,,,,,,,,,,19.0,0.1666666716337204,0.5,Efficient
529,529.0,529.0,529.0,529.0,529.0,529.0,,,,,,,,,,,,,20.0,0.1666666716337204,0.5,Efficient
530,530.0,530.0,530.0,530.0,530.0,530.0,,,,,,,,,,,,,21.0,0.1666666716337204,0.5,Efficient
531,531.0,531.0,531.0,531.0,531.0,531.0,,,,,,,,,,,,,22.0,0.1666666716337204,0.5,Efficient
532,532.0,532.0,532.0,532.0,532.0,532.0,,,,,,,,,,,,,23.0,0.1666666716337204,0.5,Efficient
533,533.0,533.0,533.0,533.0,533.0,533.0,,,,,,,,,,,,,24.0,0.1666666716337204,0.5,Efficient
534,534.0,534.0,534.0,534.0,534.0,534.0,,,,,,,,,,,,,25.0,0.1666666716337204,0.5,Efficient
535,535.0,535.0,535.0,535.0,535.0,535.0,,,,,,,,,,,,,26.0,0.1666666716337204,0.5,Efficient
536,536.0,536.0,536.0,536.0,536.0,536.0,,,,,,,,,,,,,27.0,0.1666666716337204,0.5,Efficient
537,537.0,537.0,537.0,537.0,537.0,537.0,,,,,,,,,,,,,28.0,0.1666666716337204,0.3333333432674408,Efficient
538,538.0,538.0,538.0,538.0,538.0,538.0,,,,,,,,,,,,,29.0,0.1666666716337204,0.5,Efficient
539,539.0,539.0,539.0,539.0,539.0,539.0,,,,,,,,,,,,,30.0,0.1666666716337204,0.5,Efficient
540,540.0,540.0,540.0,540.0,540.0,540.0,,,,,,,,,,,,,1.0,0.1666666716337204,0.3333333432674408,Efficient
541,541.0,541.0,541.0,541.0,541.0,541.0,,,,,,,,,,,,,2.0,0.1666666716337204,0.3333333432674408,Efficient
542,542.0,542.0,542.0,542.0,542.0,542.0,,,,,,,,,,,,,3.0,0.1666666716337204,0.3333333432674408,Efficient
543,543.0,543.0,543.0,543.0,543.0,543.0,,,,,,,,,,,,,4.0,0.1666666716337204,0.3333333432674408,Efficient
544,544.0,544.0,544.0,544.0,544.0,544.0,,,,,,,,,,,,,5.0,0.1666666716337204,0.3333333432674408,Efficient
545,545.0,545.0,545.0,545.0,545.0,545.0,,,,,,,,,,,,,6.0,0.1666666716337204,0.3333333432674408,Efficient
546,546.0,546.0,546.0,546.0,546.0,546.0,,,,,,,,,,,,,7.0,0.1666666716337204,0.3333333432674408,Efficient
547,547.0,547.0,547.0,547.0,547.0,547.0,,,,,,,,,,,,,8.0,0.1666666716337204,0.3333333432674408,Efficient
548,548.0,548.0,548.0,548.0,548.0,548.0,,,,,,,,,,,,,9.0,0.1666666716337204,0.3333333432674408,Efficient
549,549.0,549.0,549.0,549.0,549.0,549.0,,,,,,,,,,,,,10.0,0.1666666716337204,0.3333333432674408,Efficient
550,550.0,550.0,550.0,550.0,550.0,550.0,,,,,,,,,,,,,11.0,0.1666666716337204,0.3333333432674408,Efficient
551,551.0,551.0,551.0,551.0,551.0,551.0,,,,,,,,,,,,,12.0,0.1666666716337204,0.3333333432674408,Efficient
552,552.0,552.0,552.0,552.0,552.0,552.0,,,,,,,,,,,,,13.0,0.1666666716337204,0.3333333432674408,Efficient
553,553.0,553.0,553.0,553.0,553.0,553.0,,,,,,,,,,,,,14.0,0.1666666716337204,0.3333333432674408,Efficient
554,554.0,554.0,554.0,554.0,554.0,554.0,,,,,,,,,,,,,15.0,0.1666666716337204,0.3333333432674408,Efficient
555,555.0,555.0,555.0,555.0,555.0,555.0,,,,,,,,,,,,,16.0,0.1666666716337204,0.3333333432674408,Efficient
556,556.0,556.0,556.0,556.0,556.0,556.0,,,,,,,,,,,,,17.0,0.1666666716337204,0.3333333432674408,Efficient
557,557.0,557.0,557.0,557.0,557.0,557.0,,,,,,,,,,,,,18.0,0.1666666716337204,0.3333333432674408,Efficient
558,558.0,558.0,558.0,558.0,558.0,558.0,,,,,,,,,,,,,19.0,0.1666666716337204,0.3333333432674408,Efficient
559,559.0,559.0,559.0,559.0,559.0,559.0,,,,,,,,,,,,,20.0,0.1666666716337204,0.3333333432674408,Efficient
560,560.0,560.0,560.0,560.0,560.0,560.0,,,,,,,,,,,,,21.0,0.1666666716337204,0.3333333432674408,Efficient
561,561.0,561.0,561.0,561.0,561.0,561.0,,,,,,,,,,,,,22.0,0.1666666716337204,0.3333333432674408,Efficient
562,562.0,562.0,562.0,562.0,562.0,562.0,,,,,,,,,,,,,23.0,0.1666666716337204,0.3333333432674408,Efficient
563,563.0,563.0,563.0,563.0,563.0,563.0,,,,,,,,,,,,,24.0,0.1666666716337204,0.3333333432674408,Efficient
564,564.0,564.0,564.0,564.0,564.0,564.0,,,,,,,,,,,,,25.0,0.1666666716337204,0.3333333432674408,Efficient
565,565.0,565.0,565.0,565.0,565.0,565.0,,,,,,,,,,,,,26.0,0.1666666716337204,0.3333333432674408,Efficient
566,566.0,566.0,566.0,566.0,566.0,566.0,,,,,,,,,,,,,27.0,0.1666666716337204,0.3333333432674408,Efficient
567,567.0,567.0,567.0,567.0,567.0,567.0,,,,,,,,,,,,,28.0,0.1666666716337204,0.3333333432674408,Efficient
568,568.0,568.0,568.0,568.0,568.0,568.0,,,,,,,,,,,,,29.0,0.1666666716337204,0.3333333432674408,Efficient
569,569.0,569.0,569.0,569.0,569.0,569.0,,,,,,,,,,,,,30.0,0.1666666716337204,0.3333333432674408,Efficient
570,570.0,570.0,570.0,570.0,570.0,570.0,,,,,,,,,,,,,1.0,0.1666666716337204,0.3333333432674408,Efficient
571,571.0,571.0,571.0,571.0,571.0,571.0,,,,,,,,,,,,,2.0,0.1666666716337204,0.5,Efficient
572,572.0,572.0,572.0,572.0,572.0,572.0,,,,,,,,,,,,,3.0,0.1666666716337204,0.3333333432674408,Efficient
573,573.0,573.0,573.0,573.0,573.0,573.0,,,,,,,,,,,,,4.0,0.1666666716337204,0.3333333432674408,Efficient
574,574.0,574.0,574.0,574.0,574.0,574.0,,,,,,,,,,,,,5.0,0.1666666716337204,0.3333333432674408,Efficient
575,575.0,575.0,575.0,575.0,575.0,575.0,,,,,,,,,,,,,6.0,0.1666666716337204,0.5,Efficient
576,576.0,576.0,576.0,576.0,576.0,576.0,,,,,,,,,,,,,7.0,0.1666666716337204,0.5,Efficient
577,577.0,577.0,577.0,577.0,577.0,577.0,,,,,,,,,,,,,8.0,0.1666666716337204,0.5,Efficient
578,578.0,578.0,578.0,578.0,578.0,578.0,,,,,,,,,,,,,9.0,0.1666666716337204,0.5,Efficient
579,579.0,579.0,579.0,579.0,579.0,579.0,,,,,,,,,,,,,10.0,0.1666666716337204,0.5,Efficient
580,580.0,580.0,580.0,580.0,580.0,580.0,,,,,,,,,,,,,11.0,0.1666666716337204,0.3333333432674408,Efficient
581,581.0,581.0,581.0,581.0,581.0,581.0,,,,,,,,,,,,,12.0,0.1666666716337204,0.5,Efficient
582,582.0,582.0,582.0,582.0,582.0,582.0,,,,,,,,,,,,,13.0,0.1666666716337204,0.5,Efficient
583,583.0,583.0,583.0,583.0,583.0,583.0,,,,,,,,,,,,,14.0,0.1666666716337204,0.5,Efficient
584,584.0,584.0,584.0,584.0,584.0,584.0,,,,,,,,,,,,,15.0,0.1666666716337204,0.5,Efficient
585,585.0,585.0,585.0,585.0,585.0,585.0,,,,,,,,,,,,,16.0,0.1666666716337204,0.5,Efficient
586,586.0,586.0,586.0,586.0,586.0,586.0,,,,,,,,,,,,,17.0,0.1666666716337204,0.5,Efficient
587,587.0,587.0,587.0,587.0,587.0,587.0,,,,,,,,,,,,,18.0,0.1666666716337204,0.5,Efficient
588,588.0,588.0,588.0,588.0,588.0,588.0,,,,,,,,,,,,,19.0,0.1666666716337204,0.5,Efficient
589,589.0,589.0,589.0,589.0,589.0,589.0,,,,,,,,,,,,,20.0,0.1666666716337204,0.5,Efficient
590,590.0,590.0,590.0,590.0,590.0,590.0,,,,,,,,,,,,,21.0,0.1666666716337204,0.5,Efficient
591,591.0,591.0,591.0,591.0,591.0,591.0,,,,,,,,,,,,,22.0,0.1666666716337204,0.5,Efficient
592,592.0,592.0,592.0,592.0,592.0,592.0,,,,,,,,,,,,,23.0,0.1666666716337204,0.5,Efficient
593,593.0,593.0,593.0,593.0,593.0,593.0,,,,,,,,,,,,,24.0,0.1666666716337204,0.5,Efficient
594,594.0,594.0,594.0,594.0,594.0,594.0,,,,,,,,,,,,,25.0,0.1666666716337204,0.5,Efficient
595,595.0,595.0,595.0,595.0,595.0,595.0,,,,,,,,,,,,,26.0,0.1666666716337204,0.5,Efficient
596,596.0,596.0,596.0,596.0,596.0,596.0,,,,,,,,,,,,,27.0,0.1666666716337204,0.5,Efficient
597,597.0,597.0,597.0,597.0,597.0,597.0,,,,,,,,,,,,,28.0,0.1666666716337204,0.5,Efficient
598,598.0,598.0,598.0,598.0,598.0,598.0,,,,,,,,,,,,,29.0,0.1666666716337204,0.5,Efficient
599,599.0,599.0,599.0,599.0,599.0,599.0,,,,,,,,,,,,,30.0,0.1666666716337204,0.5,Efficient
600,600.0,600.0,600.0,600.0,600.0,,,,,,,,,,,,,,1.0,0.1666666716337204,0.5,VGG16
601,601.0,601.0,601.0,601.0,601.0,,,,,,,,,,,,,,2.0,0.1666666716337204,0.3333333432674408,VGG16
602,602.0,602.0,602.0,602.0,602.0,,,,,,,,,,,,,,3.0,0.1666666716337204,0.3333333432674408,VGG16
603,603.0,603.0,603.0,603.0,603.0,,,,,,,,,,,,,,4.0,0.1666666716337204,0.3333333432674408,VGG16
604,604.0,604.0,604.0,604.0,604.0,,,,,,,,,,,,,,5.0,0.1666666716337204,0.3333333432674408,VGG16
605,605.0,605.0,605.0,605.0,605.0,,,,,,,,,,,,,,6.0,0.1666666716337204,0.3333333432674408,VGG16
606,606.0,606.0,606.0,606.0,606.0,,,,,,,,,,,,,,7.0,0.1666666716337204,0.3333333432674408,VGG16
607,607.0,607.0,607.0,607.0,607.0,,,,,,,,,,,,,,8.0,0.1666666716337204,0.3333333432674408,VGG16
608,608.0,608.0,608.0,608.0,608.0,,,,,,,,,,,,,,9.0,0.1666666716337204,0.3333333432674408,VGG16
609,609.0,609.0,609.0,609.0,609.0,,,,,,,,,,,,,,10.0,0.1666666716337204,0.3333333432674408,VGG16
610,610.0,610.0,610.0,610.0,610.0,,,,,,,,,,,,,,11.0,0.1666666716337204,0.3333333432674408,VGG16
611,611.0,611.0,611.0,611.0,611.0,,,,,,,,,,,,,,12.0,0.1666666716337204,0.3333333432674408,VGG16
612,612.0,612.0,612.0,612.0,612.0,,,,,,,,,,,,,,13.0,0.1666666716337204,0.3333333432674408,VGG16
613,613.0,613.0,613.0,613.0,613.0,,,,,,,,,,,,,,14.0,0.1666666716337204,0.3333333432674408,VGG16
614,614.0,614.0,614.0,614.0,614.0,,,,,,,,,,,,,,15.0,0.1666666716337204,0.3333333432674408,VGG16
615,615.0,615.0,615.0,615.0,615.0,,,,,,,,,,,,,,16.0,0.1666666716337204,0.3333333432674408,VGG16
616,616.0,616.0,616.0,616.0,616.0,,,,,,,,,,,,,,17.0,0.1666666716337204,0.3333333432674408,VGG16
617,617.0,617.0,617.0,617.0,617.0,,,,,,,,,,,,,,18.0,0.1666666716337204,0.3333333432674408,VGG16
618,618.0,618.0,618.0,618.0,618.0,,,,,,,,,,,,,,19.0,0.1666666716337204,0.3333333432674408,VGG16
619,619.0,619.0,619.0,619.0,619.0,,,,,,,,,,,,,,20.0,0.1666666716337204,0.3333333432674408,VGG16
620,620.0,620.0,620.0,620.0,620.0,,,,,,,,,,,,,,21.0,0.1666666716337204,0.3333333432674408,VGG16
621,621.0,621.0,621.0,621.0,621.0,,,,,,,,,,,,,,22.0,0.1666666716337204,0.3333333432674408,VGG16
622,622.0,622.0,622.0,622.0,622.0,,,,,,,,,,,,,,23.0,0.1666666716337204,0.3333333432674408,VGG16
623,623.0,623.0,623.0,623.0,623.0,,,,,,,,,,,,,,24.0,0.1666666716337204,0.3333333432674408,VGG16
624,624.0,624.0,624.0,624.0,624.0,,,,,,,,,,,,,,25.0,0.1666666716337204,0.3333333432674408,VGG16
625,625.0,625.0,625.0,625.0,625.0,,,,,,,,,,,,,,26.0,0.1666666716337204,0.3333333432674408,VGG16
626,626.0,626.0,626.0,626.0,626.0,,,,,,,,,,,,,,27.0,0.1666666716337204,0.3333333432674408,VGG16
627,627.0,627.0,627.0,627.0,627.0,,,,,,,,,,,,,,28.0,0.1666666716337204,0.3333333432674408,VGG16
628,628.0,628.0,628.0,628.0,628.0,,,,,,,,,,,,,,29.0,0.1666666716337204,0.3333333432674408,VGG16
629,629.0,629.0,629.0,629.0,629.0,,,,,,,,,,,,,,30.0,0.1666666716337204,0.3333333432674408,VGG16
630,630.0,630.0,630.0,630.0,,,,,,,,,,,,,,,1.0,0.1666666716337204,0.3333333432674408,VGG16
631,631.0,631.0,631.0,631.0,,,,,,,,,,,,,,,2.0,0.1666666716337204,0.5,VGG16
632,632.0,632.0,632.0,632.0,,,,,,,,,,,,,,,3.0,0.1666666716337204,0.5,VGG16
633,633.0,633.0,633.0,633.0,,,,,,,,,,,,,,,4.0,0.1666666716337204,0.5,VGG16
634,634.0,634.0,634.0,634.0,,,,,,,,,,,,,,,5.0,0.1666666716337204,0.5,VGG16
635,635.0,635.0,635.0,635.0,,,,,,,,,,,,,,,6.0,0.1666666716337204,0.3333333432674408,VGG16
636,636.0,636.0,636.0,636.0,,,,,,,,,,,,,,,7.0,0.1666666716337204,0.5,VGG16
637,637.0,637.0,637.0,637.0,,,,,,,,,,,,,,,8.0,0.1666666716337204,0.5,VGG16
638,638.0,638.0,638.0,638.0,,,,,,,,,,,,,,,9.0,0.1666666716337204,0.5,VGG16
639,639.0,639.0,639.0,639.0,,,,,,,,,,,,,,,10.0,0.1666666716337204,0.5,VGG16
640,640.0,640.0,640.0,640.0,,,,,,,,,,,,,,,11.0,0.1666666716337204,0.5,VGG16
641,641.0,641.0,641.0,641.0,,,,,,,,,,,,,,,12.0,0.1666666716337204,0.5,VGG16
642,642.0,642.0,642.0,642.0,,,,,,,,,,,,,,,13.0,0.1666666716337204,0.5,VGG16
643,643.0,643.0,643.0,643.0,,,,,,,,,,,,,,,14.0,0.1666666716337204,0.5,VGG16
644,644.0,644.0,644.0,644.0,,,,,,,,,,,,,,,15.0,0.1666666716337204,0.5,VGG16
645,645.0,645.0,645.0,645.0,,,,,,,,,,,,,,,16.0,0.1666666716337204,0.5,VGG16
646,646.0,646.0,646.0,646.0,,,,,,,,,,,,,,,17.0,0.1666666716337204,0.5,VGG16
647,647.0,647.0,647.0,647.0,,,,,,,,,,,,,,,18.0,0.1666666716337204,0.5,VGG16
648,648.0,648.0,648.0,648.0,,,,,,,,,,,,,,,19.0,0.1666666716337204,0.5,VGG16
649,649.0,649.0,649.0,649.0,,,,,,,,,,,,,,,20.0,0.1666666716337204,0.5,VGG16
650,650.0,650.0,650.0,650.0,,,,,,,,,,,,,,,21.0,0.1666666716337204,0.5,VGG16
651,651.0,651.0,651.0,651.0,,,,,,,,,,,,,,,22.0,0.1666666716337204,0.5,VGG16
652,652.0,652.0,652.0,652.0,,,,,,,,,,,,,,,23.0,0.1666666716337204,0.5,VGG16
653,653.0,653.0,653.0,653.0,,,,,,,,,,,,,,,24.0,0.1666666716337204,0.5,VGG16
654,654.0,654.0,654.0,654.0,,,,,,,,,,,,,,,25.0,0.1666666716337204,0.5,VGG16
655,655.0,655.0,655.0,655.0,,,,,,,,,,,,,,,26.0,0.1666666716337204,0.5,VGG16
656,656.0,656.0,656.0,656.0,,,,,,,,,,,,,,,27.0,0.1666666716337204,0.5,VGG16
657,657.0,657.0,657.0,657.0,,,,,,,,,,,,,,,28.0,0.1666666716337204,0.5,VGG16
658,658.0,658.0,658.0,658.0,,,,,,,,,,,,,,,29.0,0.1666666716337204,0.5,VGG16
659,659.0,659.0,659.0,659.0,,,,,,,,,,,,,,,30.0,0.1666666716337204,0.5,VGG16
660,660.0,660.0,660.0,,,,,,,,,,,,,,,,1.0,0.1666666716337204,0.5,VGG16
661,661.0,661.0,661.0,,,,,,,,,,,,,,,,2.0,0.1666666716337204,0.5,VGG16
662,662.0,662.0,662.0,,,,,,,,,,,,,,,,3.0,0.1666666716337204,0.5,VGG16
663,663.0,663.0,663.0,,,,,,,,,,,,,,,,4.0,0.1666666716337204,0.5,VGG16
664,664.0,664.0,664.0,,,,,,,,,,,,,,,,5.0,0.1666666716337204,0.5,VGG16
665,665.0,665.0,665.0,,,,,,,,,,,,,,,,6.0,0.1666666716337204,0.5,VGG16
666,666.0,666.0,666.0,,,,,,,,,,,,,,,,7.0,0.1666666716337204,0.3333333432674408,VGG16
667,667.0,667.0,667.0,,,,,,,,,,,,,,,,8.0,0.1666666716337204,0.3333333432674408,VGG16
668,668.0,668.0,668.0,,,,,,,,,,,,,,,,9.0,0.1666666716337204,0.3333333432674408,VGG16
669,669.0,669.0,669.0,,,,,,,,,,,,,,,,10.0,0.1666666716337204,0.3333333432674408,VGG16
670,670.0,670.0,670.0,,,,,,,,,,,,,,,,11.0,0.1666666716337204,0.5,VGG16
671,671.0,671.0,671.0,,,,,,,,,,,,,,,,12.0,0.1666666716337204,0.5,VGG16
672,672.0,672.0,672.0,,,,,,,,,,,,,,,,13.0,0.1666666716337204,0.5,VGG16
673,673.0,673.0,673.0,,,,,,,,,,,,,,,,14.0,0.1666666716337204,0.5,VGG16
674,674.0,674.0,674.0,,,,,,,,,,,,,,,,15.0,0.1666666716337204,0.5,VGG16
675,675.0,675.0,675.0,,,,,,,,,,,,,,,,16.0,0.1666666716337204,0.5,VGG16
676,676.0,676.0,676.0,,,,,,,,,,,,,,,,17.0,0.1666666716337204,0.5,VGG16
677,677.0,677.0,677.0,,,,,,,,,,,,,,,,18.0,0.1666666716337204,0.5,VGG16
678,678.0,678.0,678.0,,,,,,,,,,,,,,,,19.0,0.1666666716337204,0.5,VGG16
679,679.0,679.0,679.0,,,,,,,,,,,,,,,,20.0,0.1666666716337204,0.5,VGG16
680,680.0,680.0,680.0,,,,,,,,,,,,,,,,21.0,0.1666666716337204,0.5,VGG16
681,681.0,681.0,681.0,,,,,,,,,,,,,,,,22.0,0.1666666716337204,0.5,VGG16
682,682.0,682.0,682.0,,,,,,,,,,,,,,,,23.0,0.1666666716337204,0.5,VGG16
683,683.0,683.0,683.0,,,,,,,,,,,,,,,,24.0,0.1666666716337204,0.5,VGG16
684,684.0,684.0,684.0,,,,,,,,,,,,,,,,25.0,0.1666666716337204,0.5,VGG16
685,685.0,685.0,685.0,,,,,,,,,,,,,,,,26.0,0.1666666716337204,0.5,VGG16
686,686.0,686.0,686.0,,,,,,,,,,,,,,,,27.0,0.1666666716337204,0.5,VGG16
687,687.0,687.0,687.0,,,,,,,,,,,,,,,,28.0,0.1666666716337204,0.5,VGG16
688,688.0,688.0,688.0,,,,,,,,,,,,,,,,29.0,0.1666666716337204,0.5,VGG16
689,689.0,689.0,689.0,,,,,,,,,,,,,,,,30.0,0.1666666716337204,0.5,VGG16
690,690.0,690.0,,,,,,,,,,,,,,,,,1.0,0.1666666716337204,0.5,VGG16
691,691.0,691.0,,,,,,,,,,,,,,,,,2.0,0.1666666716337204,0.5,VGG16
692,692.0,692.0,,,,,,,,,,,,,,,,,3.0,0.1666666716337204,0.3333333432674408,VGG16
693,693.0,693.0,,,,,,,,,,,,,,,,,4.0,0.1666666716337204,0.3333333432674408,VGG16
694,694.0,694.0,,,,,,,,,,,,,,,,,5.0,0.1666666716337204,0.3333333432674408,VGG16
695,695.0,695.0,,,,,,,,,,,,,,,,,6.0,0.1666666716337204,0.3333333432674408,VGG16
696,696.0,696.0,,,,,,,,,,,,,,,,,7.0,0.1666666716337204,0.3333333432674408,VGG16
697,697.0,697.0,,,,,,,,,,,,,,,,,8.0,0.1666666716337204,0.3333333432674408,VGG16
698,698.0,698.0,,,,,,,,,,,,,,,,,9.0,0.1666666716337204,0.3333333432674408,VGG16
699,699.0,699.0,,,,,,,,,,,,,,,,,10.0,0.1666666716337204,0.3333333432674408,VGG16
700,700.0,700.0,,,,,,,,,,,,,,,,,11.0,0.1666666716337204,0.3333333432674408,VGG16
701,701.0,701.0,,,,,,,,,,,,,,,,,12.0,0.1666666716337204,0.3333333432674408,VGG16
702,702.0,702.0,,,,,,,,,,,,,,,,,13.0,0.1666666716337204,0.5,VGG16
703,703.0,703.0,,,,,,,,,,,,,,,,,14.0,0.1666666716337204,0.5,VGG16
704,704.0,704.0,,,,,,,,,,,,,,,,,15.0,0.1666666716337204,0.5,VGG16
705,705.0,705.0,,,,,,,,,,,,,,,,,16.0,0.1666666716337204,0.5,VGG16
706,706.0,706.0,,,,,,,,,,,,,,,,,17.0,0.1666666716337204,0.5,VGG16
707,707.0,707.0,,,,,,,,,,,,,,,,,18.0,0.1666666716337204,0.5,VGG16
708,708.0,708.0,,,,,,,,,,,,,,,,,19.0,0.1666666716337204,0.5,VGG16
709,709.0,709.0,,,,,,,,,,,,,,,,,20.0,0.1666666716337204,0.5,VGG16
710,710.0,710.0,,,,,,,,,,,,,,,,,21.0,0.1666666716337204,0.5,VGG16
711,711.0,711.0,,,,,,,,,,,,,,,,,22.0,0.1666666716337204,0.5,VGG16
712,712.0,712.0,,,,,,,,,,,,,,,,,23.0,0.1666666716337204,0.5,VGG16
713,713.0,713.0,,,,,,,,,,,,,,,,,24.0,0.1666666716337204,0.5,VGG16
714,714.0,714.0,,,,,,,,,,,,,,,,,25.0,0.1666666716337204,0.5,VGG16
715,715.0,715.0,,,,,,,,,,,,,,,,,26.0,0.1666666716337204,0.5,VGG16
716,716.0,716.0,,,,,,,,,,,,,,,,,27.0,0.1666666716337204,0.5,VGG16
717,717.0,717.0,,,,,,,,,,,,,,,,,28.0,0.1666666716337204,0.5,VGG16
718,718.0,718.0,,,,,,,,,,,,,,,,,29.0,0.1666666716337204,0.5,VGG16
719,719.0,719.0,,,,,,,,,,,,,,,,,30.0,0.1666666716337204,0.5,VGG16
720,720.0,,,,,,,,,,,,,,,,,,1.0,0.1666666716337204,0.3333333432674408,VGG16
721,721.0,,,,,,,,,,,,,,,,,,2.0,0.1666666716337204,0.3333333432674408,VGG16
722,722.0,,,,,,,,,,,,,,,,,,3.0,0.1666666716337204,0.3333333432674408,VGG16
723,723.0,,,,,,,,,,,,,,,,,,4.0,0.1666666716337204,0.3333333432674408,VGG16
724,724.0,,,,,,,,,,,,,,,,,,5.0,0.1666666716337204,0.3333333432674408,VGG16
725,725.0,,,,,,,,,,,,,,,,,,6.0,0.1666666716337204,0.3333333432674408,VGG16
726,726.0,,,,,,,,,,,,,,,,,,7.0,0.1666666716337204,0.3333333432674408,VGG16
727,727.0,,,,,,,,,,,,,,,,,,8.0,0.1666666716337204,0.3333333432674408,VGG16
728,728.0,,,,,,,,,,,,,,,,,,9.0,0.1666666716337204,0.3333333432674408,VGG16
729,729.0,,,,,,,,,,,,,,,,,,10.0,0.1666666716337204,0.3333333432674408,VGG16
730,730.0,,,,,,,,,,,,,,,,,,11.0,0.1666666716337204,0.3333333432674408,VGG16
731,731.0,,,,,,,,,,,,,,,,,,12.0,0.1666666716337204,0.3333333432674408,VGG16
732,732.0,,,,,,,,,,,,,,,,,,13.0,0.1666666716337204,0.3333333432674408,VGG16
733,733.0,,,,,,,,,,,,,,,,,,14.0,0.1666666716337204,0.3333333432674408,VGG16
734,734.0,,,,,,,,,,,,,,,,,,15.0,0.1666666716337204,0.3333333432674408,VGG16
735,735.0,,,,,,,,,,,,,,,,,,16.0,0.1666666716337204,0.3333333432674408,VGG16
736,736.0,,,,,,,,,,,,,,,,,,17.0,0.1666666716337204,0.3333333432674408,VGG16
737,737.0,,,,,,,,,,,,,,,,,,18.0,0.1666666716337204,0.3333333432674408,VGG16
738,738.0,,,,,,,,,,,,,,,,,,19.0,0.1666666716337204,0.3333333432674408,VGG16
739,739.0,,,,,,,,,,,,,,,,,,20.0,0.1666666716337204,0.3333333432674408,VGG16
740,740.0,,,,,,,,,,,,,,,,,,21.0,0.1666666716337204,0.3333333432674408,VGG16
741,741.0,,,,,,,,,,,,,,,,,,22.0,0.1666666716337204,0.3333333432674408,VGG16
742,742.0,,,,,,,,,,,,,,,,,,23.0,0.1666666716337204,0.3333333432674408,VGG16
743,743.0,,,,,,,,,,,,,,,,,,24.0,0.1666666716337204,0.3333333432674408,VGG16
744,744.0,,,,,,,,,,,,,,,,,,25.0,0.1666666716337204,0.3333333432674408,VGG16
745,745.0,,,,,,,,,,,,,,,,,,26.0,0.1666666716337204,0.3333333432674408,VGG16
746,746.0,,,,,,,,,,,,,,,,,,27.0,0.1666666716337204,0.3333333432674408,VGG16
747,747.0,,,,,,,,,,,,,,,,,,28.0,0.1666666716337204,0.3333333432674408,VGG16
748,748.0,,,,,,,,,,,,,,,,,,29.0,0.1666666716337204,0.3333333432674408,VGG16
749,749.0,,,,,,,,,,,,,,,,,,30.0,0.1666666716337204,0.3333333432674408,VGG16
750,,,,,,,,,,,,,,,,,,,1,0.1666666716337204,0.5,VGG16
751,,,,,,,,,,,,,,,,,,,2,0.1666666716337204,0.3333333432674408,VGG16
752,,,,,,,,,,,,,,,,,,,3,0.1666666716337204,0.3333333432674408,VGG16
753,,,,,,,,,,,,,,,,,,,4,0.1666666716337204,0.3333333432674408,VGG16
754,,,,,,,,,,,,,,,,,,,5,0.1666666716337204,0.3333333432674408,VGG16
755,,,,,,,,,,,,,,,,,,,6,0.1666666716337204,0.3333333432674408,VGG16
756,,,,,,,,,,,,,,,,,,,7,0.1666666716337204,0.3333333432674408,VGG16
757,,,,,,,,,,,,,,,,,,,8,0.1666666716337204,0.3333333432674408,VGG16
758,,,,,,,,,,,,,,,,,,,9,0.1666666716337204,0.3333333432674408,VGG16
759,,,,,,,,,,,,,,,,,,,10,0.1666666716337204,0.3333333432674408,VGG16
760,,,,,,,,,,,,,,,,,,,11,0.1666666716337204,0.3333333432674408,VGG16
761,,,,,,,,,,,,,,,,,,,12,0.1666666716337204,0.3333333432674408,VGG16
762,,,,,,,,,,,,,,,,,,,13,0.1666666716337204,0.3333333432674408,VGG16
763,,,,,,,,,,,,,,,,,,,14,0.1666666716337204,0.3333333432674408,VGG16
764,,,,,,,,,,,,,,,,,,,15,0.1666666716337204,0.3333333432674408,VGG16
765,,,,,,,,,,,,,,,,,,,16,0.1666666716337204,0.3333333432674408,VGG16
766,,,,,,,,,,,,,,,,,,,17,0.1666666716337204,0.3333333432674408,VGG16
767,,,,,,,,,,,,,,,,,,,18,0.1666666716337204,0.3333333432674408,VGG16
768,,,,,,,,,,,,,,,,,,,19,0.1666666716337204,0.3333333432674408,VGG16
769,,,,,,,,,,,,,,,,,,,20,0.1666666716337204,0.3333333432674408,VGG16
770,,,,,,,,,,,,,,,,,,,21,0.1666666716337204,0.3333333432674408,VGG16
771,,,,,,,,,,,,,,,,,,,22,0.1666666716337204,0.3333333432674408,VGG16
772,,,,,,,,,,,,,,,,,,,23,0.1666666716337204,0.3333333432674408,VGG16
773,,,,,,,,,,,,,,,,,,,24,0.1666666716337204,0.3333333432674408,VGG16
774,,,,,,,,,,,,,,,,,,,25,0.1666666716337204,0.3333333432674408,VGG16
775,,,,,,,,,,,,,,,,,,,26,0.1666666716337204,0.3333333432674408,VGG16
776,,,,,,,,,,,,,,,,,,,27,0.1666666716337204,0.3333333432674408,VGG16
777,,,,,,,,,,,,,,,,,,,28,0.1666666716337204,0.3333333432674408,VGG16
778,,,,,,,,,,,,,,,,,,,29,0.1666666716337204,0.3333333432674408,VGG16
779,,,,,,,,,,,,,,,,,,,30,0.1666666716337204,0.3333333432674408,VGG16
780,,,,,,,,,,,,,,,,,,,1,0.1666666716337204,0.3333333432674408,VGG16
781,,,,,,,,,,,,,,,,,,,2,0.1666666716337204,0.5,VGG16
782,,,,,,,,,,,,,,,,,,,3,0.1666666716337204,0.5,VGG16
783,,,,,,,,,,,,,,,,,,,4,0.1666666716337204,0.5,VGG16
784,,,,,,,,,,,,,,,,,,,5,0.1666666716337204,0.5,VGG16
785,,,,,,,,,,,,,,,,,,,6,0.1666666716337204,0.3333333432674408,VGG16
786,,,,,,,,,,,,,,,,,,,7,0.1666666716337204,0.5,VGG16
787,,,,,,,,,,,,,,,,,,,8,0.1666666716337204,0.5,VGG16
788,,,,,,,,,,,,,,,,,,,9,0.1666666716337204,0.5,VGG16
789,,,,,,,,,,,,,,,,,,,10,0.1666666716337204,0.5,VGG16
790,,,,,,,,,,,,,,,,,,,11,0.1666666716337204,0.5,VGG16
791,,,,,,,,,,,,,,,,,,,12,0.1666666716337204,0.5,VGG16
792,,,,,,,,,,,,,,,,,,,13,0.1666666716337204,0.5,VGG16
793,,,,,,,,,,,,,,,,,,,14,0.1666666716337204,0.5,VGG16
794,,,,,,,,,,,,,,,,,,,15,0.1666666716337204,0.5,VGG16
795,,,,,,,,,,,,,,,,,,,16,0.1666666716337204,0.5,VGG16
796,,,,,,,,,,,,,,,,,,,17,0.1666666716337204,0.5,VGG16
797,,,,,,,,,,,,,,,,,,,18,0.1666666716337204,0.5,VGG16
798,,,,,,,,,,,,,,,,,,,19,0.1666666716337204,0.5,VGG16
799,,,,,,,,,,,,,,,,,,,20,0.1666666716337204,0.5,VGG16
800,,,,,,,,,,,,,,,,,,,21,0.1666666716337204,0.5,VGG16
801,,,,,,,,,,,,,,,,,,,22,0.1666666716337204,0.5,VGG16
802,,,,,,,,,,,,,,,,,,,23,0.1666666716337204,0.5,VGG16
803,,,,,,,,,,,,,,,,,,,24,0.1666666716337204,0.5,VGG16
804,,,,,,,,,,,,,,,,,,,25,0.1666666716337204,0.5,VGG16
805,,,,,,,,,,,,,,,,,,,26,0.1666666716337204,0.5,VGG16
806,,,,,,,,,,,,,,,,,,,27,0.1666666716337204,0.5,VGG16
807,,,,,,,,,,,,,,,,,,,28,0.1666666716337204,0.5,VGG16
808,,,,,,,,,,,,,,,,,,,29,0.1666666716337204,0.5,VGG16
809,,,,,,,,,,,,,,,,,,,30,0.1666666716337204,0.5,VGG16
810,,,,,,,,,,,,,,,,,,,1,0.1666666716337204,0.5,VGG16
811,,,,,,,,,,,,,,,,,,,2,0.1666666716337204,0.5,VGG16
812,,,,,,,,,,,,,,,,,,,3,0.1666666716337204,0.5,VGG16
813,,,,,,,,,,,,,,,,,,,4,0.1666666716337204,0.5,VGG16
814,,,,,,,,,,,,,,,,,,,5,0.1666666716337204,0.5,VGG16
815,,,,,,,,,,,,,,,,,,,6,0.1666666716337204,0.5,VGG16
816,,,,,,,,,,,,,,,,,,,7,0.1666666716337204,0.3333333432674408,VGG16
817,,,,,,,,,,,,,,,,,,,8,0.1666666716337204,0.3333333432674408,VGG16
818,,,,,,,,,,,,,,,,,,,9,0.1666666716337204,0.3333333432674408,VGG16
819,,,,,,,,,,,,,,,,,,,10,0.1666666716337204,0.3333333432674408,VGG16
820,,,,,,,,,,,,,,,,,,,11,0.1666666716337204,0.5,VGG16
821,,,,,,,,,,,,,,,,,,,12,0.1666666716337204,0.5,VGG16
822,,,,,,,,,,,,,,,,,,,13,0.1666666716337204,0.5,VGG16
823,,,,,,,,,,,,,,,,,,,14,0.1666666716337204,0.5,VGG16
824,,,,,,,,,,,,,,,,,,,15,0.1666666716337204,0.5,VGG16
825,,,,,,,,,,,,,,,,,,,16,0.1666666716337204,0.5,VGG16
826,,,,,,,,,,,,,,,,,,,17,0.1666666716337204,0.5,VGG16
827,,,,,,,,,,,,,,,,,,,18,0.1666666716337204,0.5,VGG16
828,,,,,,,,,,,,,,,,,,,19,0.1666666716337204,0.5,VGG16
829,,,,,,,,,,,,,,,,,,,20,0.1666666716337204,0.5,VGG16
830,,,,,,,,,,,,,,,,,,,21,0.1666666716337204,0.5,VGG16
831,,,,,,,,,,,,,,,,,,,22,0.1666666716337204,0.5,VGG16
832,,,,,,,,,,,,,,,,,,,23,0.1666666716337204,0.5,VGG16
833,,,,,,,,,,,,,,,,,,,24,0.1666666716337204,0.5,VGG16
834,,,,,,,,,,,,,,,,,,,25,0.1666666716337204,0.5,VGG16
835,,,,,,,,,,,,,,,,,,,26,0.1666666716337204,0.5,VGG16
836,,,,,,,,,,,,,,,,,,,27,0.1666666716337204,0.5,VGG16
837,,,,,,,,,,,,,,,,,,,28,0.1666666716337204,0.5,VGG16
838,,,,,,,,,,,,,,,,,,,29,0.1666666716337204,0.5,VGG16
839,,,,,,,,,,,,,,,,,,,30,0.1666666716337204,0.5,VGG16
840,,,,,,,,,,,,,,,,,,,1,0.1666666716337204,0.5,VGG16
841,,,,,,,,,,,,,,,,,,,2,0.1666666716337204,0.5,VGG16
842,,,,,,,,,,,,,,,,,,,3,0.1666666716337204,0.3333333432674408,VGG16
843,,,,,,,,,,,,,,,,,,,4,0.1666666716337204,0.3333333432674408,VGG16
844,,,,,,,,,,,,,,,,,,,5,0.1666666716337204,0.3333333432674408,VGG16
845,,,,,,,,,,,,,,,,,,,6,0.1666666716337204,0.3333333432674408,VGG16
846,,,,,,,,,,,,,,,,,,,7,0.1666666716337204,0.3333333432674408,VGG16
847,,,,,,,,,,,,,,,,,,,8,0.1666666716337204,0.3333333432674408,VGG16
848,,,,,,,,,,,,,,,,,,,9,0.1666666716337204,0.3333333432674408,VGG16
849,,,,,,,,,,,,,,,,,,,10,0.1666666716337204,0.3333333432674408,VGG16
850,,,,,,,,,,,,,,,,,,,11,0.1666666716337204,0.3333333432674408,VGG16
851,,,,,,,,,,,,,,,,,,,12,0.1666666716337204,0.3333333432674408,VGG16
852,,,,,,,,,,,,,,,,,,,13,0.1666666716337204,0.5,VGG16
853,,,,,,,,,,,,,,,,,,,14,0.1666666716337204,0.5,VGG16
854,,,,,,,,,,,,,,,,,,,15,0.1666666716337204,0.5,VGG16
855,,,,,,,,,,,,,,,,,,,16,0.1666666716337204,0.5,VGG16
856,,,,,,,,,,,,,,,,,,,17,0.1666666716337204,0.5,VGG16
857,,,,,,,,,,,,,,,,,,,18,0.1666666716337204,0.5,VGG16
858,,,,,,,,,,,,,,,,,,,19,0.1666666716337204,0.5,VGG16
859,,,,,,,,,,,,,,,,,,,20,0.1666666716337204,0.5,VGG16
860,,,,,,,,,,,,,,,,,,,21,0.1666666716337204,0.5,VGG16
861,,,,,,,,,,,,,,,,,,,22,0.1666666716337204,0.5,VGG16
862,,,,,,,,,,,,,,,,,,,23,0.1666666716337204,0.5,VGG16
863,,,,,,,,,,,,,,,,,,,24,0.1666666716337204,0.5,VGG16
864,,,,,,,,,,,,,,,,,,,25,0.1666666716337204,0.5,VGG16
865,,,,,,,,,,,,,,,,,,,26,0.1666666716337204,0.5,VGG16
866,,,,,,,,,,,,,,,,,,,27,0.1666666716337204,0.5,VGG16
867,,,,,,,,,,,,,,,,,,,28,0.1666666716337204,0.5,VGG16
868,,,,,,,,,,,,,,,,,,,29,0.1666666716337204,0.5,VGG16
869,,,,,,,,,,,,,,,,,,,30,0.1666666716337204,0.5,VGG16
870,,,,,,,,,,,,,,,,,,,1,0.1666666716337204,0.3333333432674408,VGG16
871,,,,,,,,,,,,,,,,,,,2,0.1666666716337204,0.3333333432674408,VGG16
872,,,,,,,,,,,,,,,,,,,3,0.1666666716337204,0.3333333432674408,VGG16
873,,,,,,,,,,,,,,,,,,,4,0.1666666716337204,0.3333333432674408,VGG16
874,,,,,,,,,,,,,,,,,,,5,0.1666666716337204,0.3333333432674408,VGG16
875,,,,,,,,,,,,,,,,,,,6,0.1666666716337204,0.3333333432674408,VGG16
876,,,,,,,,,,,,,,,,,,,7,0.1666666716337204,0.3333333432674408,VGG16
877,,,,,,,,,,,,,,,,,,,8,0.1666666716337204,0.3333333432674408,VGG16
878,,,,,,,,,,,,,,,,,,,9,0.1666666716337204,0.3333333432674408,VGG16
879,,,,,,,,,,,,,,,,,,,10,0.1666666716337204,0.3333333432674408,VGG16
880,,,,,,,,,,,,,,,,,,,11,0.1666666716337204,0.3333333432674408,VGG16
881,,,,,,,,,,,,,,,,,,,12,0.1666666716337204,0.3333333432674408,VGG16
882,,,,,,,,,,,,,,,,,,,13,0.1666666716337204,0.3333333432674408,VGG16
883,,,,,,,,,,,,,,,,,,,14,0.1666666716337204,0.3333333432674408,VGG16
884,,,,,,,,,,,,,,,,,,,15,0.1666666716337204,0.3333333432674408,VGG16
885,,,,,,,,,,,,,,,,,,,16,0.1666666716337204,0.3333333432674408,VGG16
886,,,,,,,,,,,,,,,,,,,17,0.1666666716337204,0.3333333432674408,VGG16
887,,,,,,,,,,,,,,,,,,,18,0.1666666716337204,0.3333333432674408,VGG16
888,,,,,,,,,,,,,,,,,,,19,0.1666666716337204,0.3333333432674408,VGG16
889,,,,,,,,,,,,,,,,,,,20,0.1666666716337204,0.3333333432674408,VGG16
890,,,,,,,,,,,,,,,,,,,21,0.1666666716337204,0.3333333432674408,VGG16
891,,,,,,,,,,,,,,,,,,,22,0.1666666716337204,0.3333333432674408,VGG16
892,,,,,,,,,,,,,,,,,,,23,0.1666666716337204,0.3333333432674408,VGG16
893,,,,,,,,,,,,,,,,,,,24,0.1666666716337204,0.3333333432674408,VGG16
894,,,,,,,,,,,,,,,,,,,25,0.1666666716337204,0.3333333432674408,VGG16
895,,,,,,,,,,,,,,,,,,,26,0.1666666716337204,0.3333333432674408,VGG16
896,,,,,,,,,,,,,,,,,,,27,0.1666666716337204,0.3333333432674408,VGG16
897,,,,,,,,,,,,,,,,,,,28,0.1666666716337204,0.3333333432674408,VGG16
898,,,,,,,,,,,,,,,,,,,29,0.1666666716337204,0.3333333432674408,VGG16
899,,,,,,,,,,,,,,,,,,,30,0.1666666716337204,0.3333333432674408,VGG16
